show_id,type,title,director,cast,country,date_added,release_year,rating,duration,listed_in,description
s1,Movie,Title 1,Director 71,"Actor 126, Actor 115, Actor 72",Mexico,"April 02, 2019",1986,TV-MA,129 min,"Drama, Animation",A comedy story about challenge #1.
s2,Movie,Title 2,Director 130,"Actor 309, Actor 14, Actor 288",Canada,"June 14, 2020",2021,TV-MA,132 min,"Animation, Romance",A drama story about challenge #2.
s3,TV Show,Title 3,Director 88,"Actor 143, Actor 80, Actor 111",Turkey,"October 16, 2019",2001,PG,87 min,"Documentary, Animation",A animation story about challenge #3.
s4,Movie,Title 4,Director 118,"Actor 275, Actor 64, Actor 499",France,"December 19, 2020",1985,TV-MA,155 min,"Animation, Documentary",A animation story about challenge #4.
s5,Movie,Title 5,Director 12,"Actor 339, Actor 117, Actor 396",Japan,"February 27, 2020",1985,R,7 Seasons,"Romance, Horror",A documentary story about challenge #5.
s6,TV Show,Title 6,Director 91,"Actor 108, Actor 344, Actor 137",Mexico,"October 29, 2019",2023,PG,3 Seasons,"Crime, Thriller",A action story about challenge #6.
s7,TV Show,Title 7,Director 70,"Actor 474, Actor 328, Actor 353",Spain,"March 09, 2023",1994,TV-G,1 Seasons,"Thriller, Drama",A documentary story about challenge #7.
s8,TV Show,Title 8,Director 17,"Actor 109, Actor 468, Actor 483",Australia,"July 02, 2022",2000,R,7 Seasons,"Horror, Action",A romance story about challenge #8.
s9,Movie,Title 9,Director 144,"Actor 276, Actor 135, Actor 383",Australia,"July 26, 2019",2007,TV-PG,92 min,"Crime, Horror",A comedy story about challenge #9.
s10,Movie,Title 10,Director 40,"Actor 322, Actor 82, Actor 406",Brazil,"July 12, 2018",2007,PG,151 min,"Horror, Crime",A romance story about challenge #10.
s11,Movie,Title 11,Director 175,"Actor 370, Actor 59, Actor 350",Spain,"March 16, 2024",1997,TV-G,130 min,"Action, Horror",A drama story about challenge #11.
s12,Movie,Title 12,Director 130,"Actor 468, Actor 55, Actor 446",Brazil,"December 14, 2020",1999,TV-MA,3 Seasons,"Documentary, Action",A crime story about challenge #12.
s13,Movie,Title 13,Director 154,"Actor 166, Actor 251, Actor 10",India,"December 13, 2023",2003,TV-Y,105 min,"Animation, Comedy",A comedy story about challenge #13.
s14,Movie,Title 14,Director 137,"Actor 393, Actor 65, Actor 66",Brazil,"June 14, 2023",2010,TV-MA,142 min,"Animation, Sci-Fi",A thriller story about challenge #14.
s15,Movie,Title 15,Director 80,"Actor 205, Actor 344, Actor 333",South Korea,"January 18, 2024",2008,TV-MA,106 min,"Thriller, Comedy",A documentary story about challenge #15.
s16,Movie,Title 16,Director 151,"Actor 113, Actor 4, Actor 37",Mexico,"March 28, 2018",2020,G,79 min,"Documentary, Comedy",A crime story about challenge #16.
s17,TV Show,Title 17,Director 172,"Actor 249, Actor 110, Actor 277",United Kingdom,"September 01, 2020",2016,TV-14,135 min,"Sci-Fi, Thriller",A comedy story about challenge #17.
s18,TV Show,Title 18,Director 91,"Actor 217, Actor 211, Actor 240",South Africa,"February 02, 2019",1983,PG,168 min,"Documentary, Comedy",A thriller story about challenge #18.
s19,Movie,Title 19,Director 138,"Actor 230, Actor 72, Actor 217",United Kingdom,"February 24, 2020",1997,TV-14,84 min,"Horror, Crime",A comedy story about challenge #19.
s20,Movie,Title 20,Director 24,"Actor 475, Actor 386, Actor 435",Canada,"July 27, 2018",1990,TV-PG,102 min,"Sci-Fi, Drama",A action story about challenge #20.
s21,Movie,Title 21,Director 100,"Actor 136, Actor 475, Actor 402",Turkey,"April 02, 2022",2009,TV-Y,168 min,"Crime, Horror",A action story about challenge #21.
s22,TV Show,Title 22,Director 56,"Actor 496, Actor 30, Actor 297",Mexico,"February 17, 2020",2014,G,1 Seasons,"Drama, Horror",A crime story about challenge #22.
s23,Movie,Title 23,Director 15,"Actor 492, Actor 261, Actor 42",South Africa,"December 16, 2023",1991,PG,161 min,"Thriller, Sci-Fi",A comedy story about challenge #23.
s24,Movie,Title 24,Director 149,"Actor 305, Actor 21, Actor 318",India,"May 22, 2024",2006,TV-MA,108 min,"Thriller, Documentary",A thriller story about challenge #24.
s25,TV Show,Title 25,Director 34,"Actor 344, Actor 331, Actor 154",Germany,"December 23, 2020",2000,PG,154 min,"Animation, Comedy",A comedy story about challenge #25.
s26,Movie,Title 26,Director 130,"Actor 136, Actor 68, Actor 478",South Korea,"January 12, 2024",1984,R,95 min,"Horror, Crime",A romance story about challenge #26.
s27,Movie,Title 27,Director 171,"Actor 419, Actor 284, Actor 154",Brazil,"December 07, 2023",1986,PG-13,88 min,"Crime, Action",A romance story about challenge #27.
s28,Movie,Title 28,Director 88,"Actor 105, Actor 352, Actor 325",South Africa,"February 28, 2021",1996,TV-MA,81 min,"Comedy, Sci-Fi",A romance story about challenge #28.
s29,Movie,Title 29,Director 86,"Actor 395, Actor 67, Actor 327",Japan,"June 30, 2018",1990,TV-14,129 min,"Crime, Drama",A comedy story about challenge #29.
s30,Movie,Title 30,Director 140,"Actor 19, Actor 428, Actor 190",Australia,"November 05, 2018",2015,PG-13,80 min,"Romance, Documentary",A drama story about challenge #30.
s31,Movie,Title 31,Director 175,"Actor 128, Actor 342, Actor 53",South Korea,"January 05, 2022",2015,TV-PG,3 Seasons,"Thriller, Action",A action story about challenge #31.
s32,Movie,Title 32,Director 46,"Actor 378, Actor 474, Actor 171",Turkey,"August 16, 2022",2006,R,175 min,"Comedy, Sci-Fi",A drama story about challenge #32.
s33,Movie,Title 33,Director 52,"Actor 419, Actor 471, Actor 236",South Korea,"April 12, 2023",1999,R,159 min,"Thriller, Sci-Fi",A documentary story about challenge #33.
s34,Movie,Title 34,Director 72,"Actor 180, Actor 329, Actor 261",France,"February 15, 2021",2023,TV-MA,78 min,"Comedy, Romance",A action story about challenge #34.
s35,TV Show,Title 35,Director 10,"Actor 56, Actor 306, Actor 223",South Korea,"July 06, 2024",2000,TV-PG,9 Seasons,"Comedy, Sci-Fi",A animation story about challenge #35.
s36,TV Show,Title 36,Director 12,"Actor 363, Actor 224, Actor 1",Spain,"February 18, 2020",2014,R,83 min,"Documentary, Animation",A comedy story about challenge #36.
s37,TV Show,Title 37,Director 171,"Actor 210, Actor 168, Actor 207",Mexico,"May 15, 2021",1998,TV-MA,128 min,"Sci-Fi, Action",A animation story about challenge #37.
s38,TV Show,Title 38,Director 104,"Actor 281, Actor 427, Actor 1",Japan,"May 20, 2024",1998,R,149 min,"Animation, Documentary",A horror story about challenge #38.
s39,TV Show,Title 39,Director 173,"Actor 110, Actor 262, Actor 243",Turkey,"December 15, 2022",1990,PG,159 min,"Animation, Documentary",A comedy story about challenge #39.
s40,TV Show,Title 40,Director 58,"Actor 413, Actor 102, Actor 76",United States,"August 20, 2020",1982,R,10 Seasons,"Comedy, Horror",A sci-fi story about challenge #40.
s41,Movie,Title 41,Director 179,"Actor 197, Actor 254, Actor 205",Canada,"June 15, 2024",1989,G,2 Seasons,"Sci-Fi, Thriller",A action story about challenge #41.
s42,TV Show,Title 42,Director 13,"Actor 286, Actor 128, Actor 470",South Africa,"October 23, 2023",1987,TV-14,134 min,"Crime, Animation",A animation story about challenge #42.
s43,TV Show,Title 43,Director 157,"Actor 418, Actor 369, Actor 457",Spain,"July 23, 2021",2007,TV-MA,95 min,"Horror, Animation",A romance story about challenge #43.
s44,TV Show,Title 44,Director 134,"Actor 249, Actor 321, Actor 123",Japan,"October 09, 2020",2008,PG,4 Seasons,"Romance, Documentary",A documentary story about challenge #44.
s45,Movie,Title 45,Director 36,"Actor 78, Actor 119, Actor 197",Mexico,"January 22, 2024",1989,R,127 min,"Documentary, Crime",A horror story about challenge #45.
s46,Movie,Title 46,Director 53,"Actor 427, Actor 216, Actor 200",Turkey,"August 31, 2022",2017,G,10 Seasons,"Sci-Fi, Horror",A drama story about challenge #46.
s47,TV Show,Title 47,Director 100,"Actor 437, Actor 457, Actor 489",South Africa,"December 11, 2021",2006,TV-MA,9 Seasons,"Animation, Thriller",A horror story about challenge #47.
s48,TV Show,Title 48,Director 112,"Actor 249, Actor 15, Actor 200",South Korea,"June 17, 2020",2022,TV-PG,8 Seasons,"Action, Crime",A drama story about challenge #48.
s49,Movie,Title 49,Director 22,"Actor 330, Actor 220, Actor 70",South Africa,"June 02, 2022",2009,PG-13,123 min,"Documentary, Thriller",A horror story about challenge #49.
s50,TV Show,Title 50,Director 98,"Actor 143, Actor 386, Actor 488",South Africa,"August 31, 2021",2006,TV-Y,8 Seasons,"Drama, Crime",A drama story about challenge #50.
s51,Movie,Title 51,Director 167,"Actor 36, Actor 400, Actor 491",Brazil,"December 04, 2021",1982,G,4 Seasons,"Drama, Action",A thriller story about challenge #51.
s52,TV Show,Title 52,Director 172,"Actor 59, Actor 289, Actor 486",Canada,"June 02, 2019",2009,TV-Y,3 Seasons,"Animation, Comedy",A action story about challenge #52.
s53,Movie,Title 53,Director 149,"Actor 14, Actor 476, Actor 160",Australia,"June 28, 2021",2023,TV-PG,166 min,"Thriller, Comedy",A animation story about challenge #53.
s54,Movie,Title 54,Director 179,"Actor 396, Actor 155, Actor 436",Brazil,"September 21, 2020",2018,PG,10 Seasons,"Drama, Documentary",A crime story about challenge #54.
s55,TV Show,Title 55,Director 18,"Actor 260, Actor 332, Actor 175",United States,"October 21, 2022",2006,TV-14,121 min,"Horror, Action",A sci-fi story about challenge #55.
s56,TV Show,Title 56,Director 158,"Actor 414, Actor 471, Actor 276",Turkey,"December 23, 2019",2010,TV-14,168 min,"Animation, Romance",A documentary story about challenge #56.
s57,Movie,Title 57,Director 72,"Actor 452, Actor 231, Actor 125",Turkey,"October 02, 2020",2009,TV-PG,138 min,"Documentary, Action",A horror story about challenge #57.
s58,TV Show,Title 58,Director 67,"Actor 175, Actor 144, Actor 451",Australia,"May 18, 2020",2024,TV-Y,141 min,"Thriller, Comedy",A thriller story about challenge #58.
s59,TV Show,Title 59,Director 143,"Actor 389, Actor 124, Actor 354",Germany,"July 23, 2022",2021,TV-14,77 min,"Comedy, Romance",A thriller story about challenge #59.
s60,Movie,Title 60,Director 79,"Actor 340, Actor 298, Actor 189",Germany,"July 15, 2022",2015,TV-MA,170 min,"Crime, Documentary",A documentary story about challenge #60.
s61,TV Show,Title 61,Director 79,"Actor 129, Actor 119, Actor 62",Mexico,"February 02, 2023",1992,TV-G,143 min,"Action, Thriller",A thriller story about challenge #61.
s62,TV Show,Title 62,Director 151,"Actor 390, Actor 269, Actor 306",Japan,"June 07, 2023",1986,R,121 min,"Action, Romance",A drama story about challenge #62.
s63,Movie,Title 63,Director 71,"Actor 24, Actor 499, Actor 28",Spain,"December 28, 2023",1998,PG-13,8 Seasons,"Comedy, Drama",A animation story about challenge #63.
s64,TV Show,Title 64,Director 123,"Actor 226, Actor 175, Actor 95",United States,"March 10, 2021",1996,TV-14,83 min,"Sci-Fi, Horror",A comedy story about challenge #64.
s65,Movie,Title 65,Director 39,"Actor 77, Actor 416, Actor 289",Japan,"June 21, 2024",1985,R,172 min,"Sci-Fi, Thriller",A crime story about challenge #65.
s66,TV Show,Title 66,Director 114,"Actor 153, Actor 441, Actor 302",France,"April 08, 2022",1999,G,2 Seasons,"Thriller, Animation",A romance story about challenge #66.
s67,Movie,Title 67,Director 62,"Actor 89, Actor 283, Actor 39",United Kingdom,"November 29, 2018",1980,TV-PG,151 min,"Horror, Romance",A drama story about challenge #67.
s68,TV Show,Title 68,Director 73,"Actor 360, Actor 441, Actor 233",India,"August 06, 2020",2023,R,10 Seasons,"Thriller, Sci-Fi",A comedy story about challenge #68.
s69,Movie,Title 69,Director 166,"Actor 77, Actor 466, Actor 137",South Africa,"February 09, 2024",1989,PG,176 min,"Romance, Animation",A horror story about challenge #69.
s70,TV Show,Title 70,Director 177,"Actor 156, Actor 359, Actor 207",Japan,"May 25, 2019",2012,TV-MA,85 min,"Animation, Drama",A sci-fi story about challenge #70.
s71,TV Show,Title 71,Director 7,"Actor 47, Actor 118, Actor 493",Brazil,"August 13, 2021",2016,G,5 Seasons,"Animation, Drama",A action story about challenge #71.
s72,TV Show,Title 72,Director 72,"Actor 93, Actor 300, Actor 224",Brazil,"April 12, 2023",2011,PG,127 min,"Documentary, Animation",A comedy story about challenge #72.
s73,TV Show,Title 73,Director 106,"Actor 356, Actor 254, Actor 148",Brazil,"October 21, 2019",2005,TV-MA,86 min,"Documentary, Romance",A documentary story about challenge #73.
s74,TV Show,Title 74,Director 132,"Actor 423, Actor 1, Actor 337",South Africa,"April 20, 2019",2014,TV-14,99 min,"Crime, Documentary",A animation story about challenge #74.
s75,TV Show,Title 75,Director 14,"Actor 105, Actor 137, Actor 282",United Kingdom,"August 04, 2023",1998,TV-14,8 Seasons,"Comedy, Drama",A animation story about challenge #75.
s76,Movie,Title 76,Director 80,"Actor 283, Actor 8, Actor 283",France,"September 07, 2020",1985,R,2 Seasons,"Horror, Comedy",A action story about challenge #76.
s77,TV Show,Title 77,Director 131,"Actor 362, Actor 140, Actor 213",South Africa,"August 04, 2023",2010,TV-14,145 min,"Action, Sci-Fi",A thriller story about challenge #77.
s78,Movie,Title 78,Director 18,"Actor 142, Actor 396, Actor 405",South Africa,"September 21, 2024",2006,TV-G,9 Seasons,"Romance, Drama",A romance story about challenge #78.
s79,TV Show,Title 79,Director 39,"Actor 229, Actor 276, Actor 248",South Korea,"May 07, 2021",2001,TV-MA,7 Seasons,"Horror, Documentary",A thriller story about challenge #79.
s80,TV Show,Title 80,Director 60,"Actor 439, Actor 398, Actor 211",United States,"September 05, 2020",2000,TV-14,7 Seasons,"Sci-Fi, Action",A horror story about challenge #80.
s81,Movie,Title 81,Director 129,"Actor 495, Actor 303, Actor 170",South Africa,"June 01, 2018",1986,TV-14,133 min,"Drama, Action",A sci-fi story about challenge #81.
s82,Movie,Title 82,Director 121,"Actor 401, Actor 497, Actor 136",South Korea,"September 25, 2019",2019,TV-PG,6 Seasons,"Crime, Sci-Fi",A documentary story about challenge #82.
s83,Movie,Title 83,Director 159,"Actor 36, Actor 121, Actor 324",Brazil,"June 22, 2023",1998,R,7 Seasons,"Comedy, Animation",A horror story about challenge #83.
s84,TV Show,Title 84,Director 8,"Actor 24, Actor 167, Actor 408",United States,"November 13, 2019",1998,TV-G,93 min,"Thriller, Crime",A sci-fi story about challenge #84.
s85,Movie,Title 85,Director 44,"Actor 90, Actor 41, Actor 313",South Africa,"May 07, 2024",2004,R,149 min,"Action, Thriller",A horror story about challenge #85.
s86,TV Show,Title 86,Director 66,"Actor 342, Actor 5, Actor 461",Turkey,"November 06, 2020",2009,TV-Y,3 Seasons,"Comedy, Horror",A documentary story about challenge #86.
s87,TV Show,Title 87,Director 164,"Actor 493, Actor 218, Actor 354",Japan,"August 03, 2024",2009,TV-Y,124 min,"Horror, Comedy",A thriller story about challenge #87.
s88,TV Show,Title 88,Director 148,"Actor 152, Actor 359, Actor 152",United States,"April 12, 2022",2022,TV-PG,147 min,"Drama, Horror",A romance story about challenge #88.
s89,TV Show,Title 89,Director 57,"Actor 326, Actor 98, Actor 318",Japan,"July 31, 2020",2023,PG-13,1 Seasons,"Romance, Horror",A drama story about challenge #89.
s90,TV Show,Title 90,Director 34,"Actor 47, Actor 466, Actor 152",South Korea,"July 01, 2024",2006,PG-13,175 min,"Crime, Documentary",A crime story about challenge #90.
s91,TV Show,Title 91,Director 43,"Actor 132, Actor 468, Actor 423",Germany,"August 18, 2023",1998,TV-G,8 Seasons,"Comedy, Action",A thriller story about challenge #91.
s92,TV Show,Title 92,Director 24,"Actor 405, Actor 203, Actor 8",Japan,"June 16, 2022",2014,PG,161 min,"Romance, Sci-Fi",A documentary story about challenge #92.
s93,Movie,Title 93,Director 121,"Actor 13, Actor 318, Actor 453",Spain,"March 20, 2019",2000,R,8 Seasons,"Romance, Sci-Fi",A comedy story about challenge #93.
s94,Movie,Title 94,Director 10,"Actor 156, Actor 253, Actor 60",India,"July 27, 2019",1995,TV-MA,133 min,"Documentary, Crime",A sci-fi story about challenge #94.
s95,Movie,Title 95,Director 107,"Actor 336, Actor 51, Actor 427",Germany,"August 02, 2024",2019,TV-PG,5 Seasons,"Drama, Documentary",A thriller story about challenge #95.
s96,TV Show,Title 96,Director 61,"Actor 438, Actor 186, Actor 51",Brazil,"December 22, 2022",2003,TV-MA,6 Seasons,"Drama, Sci-Fi",A romance story about challenge #96.
s97,Movie,Title 97,Director 117,"Actor 47, Actor 340, Actor 109",Brazil,"February 17, 2020",2020,G,117 min,"Thriller, Action",A animation story about challenge #97.
s98,Movie,Title 98,Director 142,"Actor 107, Actor 301, Actor 111",South Africa,"April 20, 2020",1994,TV-G,10 Seasons,"Drama, Romance",A action story about challenge #98.
s99,TV Show,Title 99,Director 45,"Actor 57, Actor 339, Actor 444",United States,"June 17, 2019",1988,G,175 min,"Thriller, Documentary",A drama story about challenge #99.
s100,TV Show,Title 100,Director 14,"Actor 65, Actor 380, Actor 216",Spain,"December 15, 2019",1987,PG,174 min,"Documentary, Crime",A animation story about challenge #100.
s101,TV Show,Title 101,Director 129,"Actor 114, Actor 485, Actor 315",United States,"March 23, 2019",2022,TV-MA,157 min,"Drama, Animation",A horror story about challenge #101.
s102,TV Show,Title 102,Director 176,"Actor 56, Actor 252, Actor 365",Germany,"July 04, 2022",1984,PG,93 min,"Comedy, Action",A romance story about challenge #102.
s103,TV Show,Title 103,Director 98,"Actor 306, Actor 272, Actor 151",Germany,"July 25, 2024",2012,TV-PG,164 min,"Comedy, Crime",A thriller story about challenge #103.
s104,TV Show,Title 104,Director 59,"Actor 212, Actor 174, Actor 424",Germany,"October 28, 2022",2005,TV-PG,6 Seasons,"Sci-Fi, Documentary",A romance story about challenge #104.
s105,Movie,Title 105,Director 176,"Actor 473, Actor 243, Actor 35",India,"March 14, 2022",1985,PG,170 min,"Documentary, Action",A crime story about challenge #105.
s106,TV Show,Title 106,Director 172,"Actor 63, Actor 211, Actor 182",South Africa,"September 03, 2018",2022,TV-PG,1 Seasons,"Romance, Animation",A documentary story about challenge #106.
s107,Movie,Title 107,Director 40,"Actor 337, Actor 247, Actor 115",South Africa,"March 01, 2019",1986,TV-G,6 Seasons,"Comedy, Romance",A animation story about challenge #107.
s108,TV Show,Title 108,Director 144,"Actor 499, Actor 393, Actor 420",Australia,"July 15, 2020",2019,TV-MA,159 min,"Romance, Drama",A action story about challenge #108.
s109,TV Show,Title 109,Director 87,"Actor 180, Actor 4, Actor 93",South Africa,"January 24, 2021",1989,TV-PG,169 min,"Drama, Comedy",A crime story about challenge #109.
s110,TV Show,Title 110,Director 108,"Actor 233, Actor 175, Actor 81",South Korea,"May 31, 2020",1999,TV-G,10 Seasons,"Animation, Comedy",A drama story about challenge #110.
s111,Movie,Title 111,Director 159,"Actor 26, Actor 346, Actor 42",Japan,"September 30, 2019",2008,TV-PG,131 min,"Sci-Fi, Romance",A thriller story about challenge #111.
s112,Movie,Title 112,Director 89,"Actor 221, Actor 57, Actor 146",Brazil,"September 30, 2023",2023,TV-14,114 min,"Drama, Thriller",A sci-fi story about challenge #112.
s113,Movie,Title 113,Director 2,"Actor 105, Actor 155, Actor 485",Canada,"September 20, 2024",1988,TV-Y,90 min,"Drama, Horror",A sci-fi story about challenge #113.
s114,Movie,Title 114,Director 98,"Actor 273, Actor 361, Actor 118",Spain,"December 21, 2019",2015,TV-G,169 min,"Drama, Sci-Fi",A drama story about challenge #114.
s115,Movie,Title 115,Director 81,"Actor 295, Actor 220, Actor 294",France,"February 27, 2023",2020,TV-PG,126 min,"Drama, Documentary",A action story about challenge #115.
s116,TV Show,Title 116,Director 23,"Actor 224, Actor 433, Actor 55",Canada,"February 28, 2023",2007,TV-PG,125 min,"Romance, Documentary",A thriller story about challenge #116.
s117,Movie,Title 117,Director 20,"Actor 262, Actor 325, Actor 59",Spain,"September 26, 2021",2012,R,6 Seasons,"Documentary, Action",A thriller story about challenge #117.
s118,Movie,Title 118,Director 66,"Actor 102, Actor 89, Actor 309",United Kingdom,"February 26, 2019",2021,PG,173 min,"Horror, Animation",A animation story about challenge #118.
s119,TV Show,Title 119,Director 175,"Actor 474, Actor 452, Actor 290",Brazil,"July 01, 2024",2020,TV-G,6 Seasons,"Action, Horror",A comedy story about challenge #119.
s120,TV Show,Title 120,Director 162,"Actor 156, Actor 408, Actor 141",Australia,"April 05, 2023",1983,TV-G,114 min,"Horror, Animation",A drama story about challenge #120.
s121,TV Show,Title 121,Director 74,"Actor 40, Actor 331, Actor 443",South Africa,"August 22, 2018",1985,TV-MA,149 min,"Crime, Drama",A horror story about challenge #121.
s122,Movie,Title 122,Director 83,"Actor 310, Actor 244, Actor 257",United Kingdom,"May 30, 2024",1983,TV-14,118 min,"Comedy, Crime",A action story about challenge #122.
s123,Movie,Title 123,Director 113,"Actor 225, Actor 269, Actor 268",Australia,"June 10, 2018",1990,TV-G,111 min,"Sci-Fi, Animation",A documentary story about challenge #123.
s124,Movie,Title 124,Director 162,"Actor 332, Actor 172, Actor 34",South Korea,"September 14, 2024",1986,TV-MA,5 Seasons,"Romance, Action",A documentary story about challenge #124.
s125,Movie,Title 125,Director 90,"Actor 159, Actor 496, Actor 336",Mexico,"November 30, 2018",2022,TV-PG,165 min,"Comedy, Romance",A crime story about challenge #125.
s126,TV Show,Title 126,Director 33,"Actor 344, Actor 360, Actor 425",Mexico,"March 23, 2022",2023,TV-MA,160 min,"Sci-Fi, Crime",A documentary story about challenge #126.
s127,TV Show,Title 127,Director 80,"Actor 93, Actor 487, Actor 110",South Korea,"March 16, 2018",2011,R,92 min,"Action, Comedy",A romance story about challenge #127.
s128,Movie,Title 128,Director 170,"Actor 173, Actor 449, Actor 393",Australia,"February 19, 2019",1988,TV-PG,98 min,"Animation, Action",A horror story about challenge #128.
s129,TV Show,Title 129,Director 94,"Actor 347, Actor 369, Actor 122",Germany,"June 28, 2018",2019,TV-Y,8 Seasons,"Thriller, Crime",A thriller story about challenge #129.
s130,TV Show,Title 130,Director 50,"Actor 189, Actor 348, Actor 485",Australia,"June 21, 2021",2008,TV-14,7 Seasons,"Crime, Animation",A sci-fi story about challenge #130.
s131,Movie,Title 131,Director 155,"Actor 71, Actor 447, Actor 129",United States,"October 26, 2019",2021,TV-14,9 Seasons,"Comedy, Crime",A comedy story about challenge #131.
s132,Movie,Title 132,Director 42,"Actor 140, Actor 231, Actor 464",Spain,"March 13, 2021",1989,TV-PG,103 min,"Horror, Documentary",A drama story about challenge #132.
s133,Movie,Title 133,Director 102,"Actor 258, Actor 192, Actor 121",France,"August 27, 2022",1985,TV-G,115 min,"Comedy, Documentary",A action story about challenge #133.
s134,Movie,Title 134,Director 74,"Actor 470, Actor 425, Actor 242",Mexico,"July 18, 2019",1988,TV-14,75 min,"Comedy, Drama",A romance story about challenge #134.
s135,Movie,Title 135,Director 141,"Actor 482, Actor 373, Actor 312",Spain,"June 02, 2020",2007,PG,4 Seasons,"Romance, Comedy",A drama story about challenge #135.
s136,TV Show,Title 136,Director 164,"Actor 407, Actor 319, Actor 235",India,"September 03, 2020",1987,TV-14,77 min,"Crime, Thriller",A action story about challenge #136.
s137,TV Show,Title 137,Director 1,"Actor 315, Actor 181, Actor 124",Australia,"April 08, 2021",2006,PG-13,2 Seasons,"Crime, Documentary",A comedy story about challenge #137.
s138,Movie,Title 138,Director 100,"Actor 448, Actor 241, Actor 23",Brazil,"November 25, 2023",2004,TV-G,77 min,"Documentary, Comedy",A documentary story about challenge #138.
s139,Movie,Title 139,Director 149,"Actor 377, Actor 388, Actor 171",United Kingdom,"September 14, 2020",1982,TV-G,179 min,"Action, Horror",A horror story about challenge #139.
s140,Movie,Title 140,Director 17,"Actor 367, Actor 398, Actor 484",Germany,"January 17, 2020",1982,TV-Y,176 min,"Thriller, Drama",A documentary story about challenge #140.
s141,TV Show,Title 141,Director 140,"Actor 243, Actor 130, Actor 19",Turkey,"June 24, 2021",2021,R,174 min,"Drama, Documentary",A romance story about challenge #141.
s142,TV Show,Title 142,Director 112,"Actor 456, Actor 205, Actor 381",Germany,"May 25, 2019",2004,TV-G,8 Seasons,"Horror, Documentary",A crime story about challenge #142.
s143,Movie,Title 143,Director 109,"Actor 41, Actor 221, Actor 309",South Africa,"December 28, 2020",1991,TV-MA,88 min,"Comedy, Documentary",A romance story about challenge #143.
s144,TV Show,Title 144,Director 155,"Actor 368, Actor 219, Actor 86",Mexico,"June 09, 2021",2008,TV-G,168 min,"Documentary, Sci-Fi",A romance story about challenge #144.
s145,Movie,Title 145,Director 172,"Actor 327, Actor 208, Actor 187",Spain,"August 23, 2018",2023,PG-13,3 Seasons,"Animation, Horror",A drama story about challenge #145.
s146,Movie,Title 146,Director 61,"Actor 399, Actor 331, Actor 188",South Korea,"June 02, 2019",2004,G,8 Seasons,"Documentary, Animation",A horror story about challenge #146.
s147,Movie,Title 147,Director 136,"Actor 188, Actor 204, Actor 161",Brazil,"November 11, 2018",1997,R,1 Seasons,"Action, Horror",A crime story about challenge #147.
s148,Movie,Title 148,Director 68,"Actor 397, Actor 134, Actor 361",Germany,"May 05, 2022",1993,TV-Y,8 Seasons,"Thriller, Comedy",A action story about challenge #148.
s149,TV Show,Title 149,Director 45,"Actor 461, Actor 366, Actor 228",India,"October 31, 2018",2023,TV-G,2 Seasons,"Crime, Animation",A romance story about challenge #149.
s150,Movie,Title 150,Director 180,"Actor 327, Actor 90, Actor 407",South Korea,"May 13, 2021",2012,R,100 min,"Action, Thriller",A horror story about challenge #150.
s151,TV Show,Title 151,Director 142,"Actor 294, Actor 189, Actor 240",Turkey,"April 18, 2018",2015,PG-13,2 Seasons,"Comedy, Romance",A sci-fi story about challenge #151.
s152,TV Show,Title 152,Director 105,"Actor 422, Actor 295, Actor 38",United Kingdom,"May 15, 2023",2000,PG,162 min,"Crime, Documentary",A action story about challenge #152.
s153,Movie,Title 153,Director 34,"Actor 222, Actor 258, Actor 467",South Africa,"March 08, 2024",1983,PG,113 min,"Action, Animation",A documentary story about challenge #153.
s154,TV Show,Title 154,Director 133,"Actor 459, Actor 146, Actor 434",India,"July 12, 2020",1996,R,9 Seasons,"Romance, Action",A romance story about challenge #154.
s155,Movie,Title 155,Director 129,"Actor 329, Actor 87, Actor 304",Australia,"December 26, 2023",1989,PG-13,10 Seasons,"Documentary, Drama",A drama story about challenge #155.
s156,Movie,Title 156,Director 165,"Actor 395, Actor 296, Actor 136",Brazil,"November 29, 2018",1993,TV-PG,1 Seasons,"Horror, Crime",A romance story about challenge #156.
s157,TV Show,Title 157,Director 63,"Actor 413, Actor 414, Actor 351",France,"May 22, 2021",1999,TV-14,82 min,"Action, Horror",A sci-fi story about challenge #157.
s158,TV Show,Title 158,Director 53,"Actor 175, Actor 311, Actor 74",South Korea,"June 07, 2023",2000,TV-G,3 Seasons,"Documentary, Crime",A crime story about challenge #158.
s159,TV Show,Title 159,Director 62,"Actor 239, Actor 63, Actor 137",Germany,"March 11, 2019",1995,PG-13,112 min,"Sci-Fi, Animation",A thriller story about challenge #159.
s160,TV Show,Title 160,Director 148,"Actor 370, Actor 161, Actor 98",Turkey,"October 17, 2019",1990,TV-14,8 Seasons,"Horror, Romance",A horror story about challenge #160.
s161,Movie,Title 161,Director 101,"Actor 259, Actor 235, Actor 495",Canada,"April 05, 2018",1993,TV-G,111 min,"Horror, Animation",A romance story about challenge #161.
s162,Movie,Title 162,Director 28,"Actor 221, Actor 69, Actor 452",Japan,"January 08, 2024",2003,TV-PG,126 min,"Drama, Crime",A thriller story about challenge #162.
s163,TV Show,Title 163,Director 19,"Actor 198, Actor 259, Actor 231",Turkey,"January 24, 2022",2015,TV-Y,10 Seasons,"Animation, Comedy",A action story about challenge #163.
s164,TV Show,Title 164,Director 96,"Actor 407, Actor 174, Actor 286",South Korea,"February 01, 2019",1989,R,7 Seasons,"Crime, Drama",A drama story about challenge #164.
s165,Movie,Title 165,Director 86,"Actor 412, Actor 243, Actor 266",Germany,"June 09, 2018",1989,TV-MA,153 min,"Documentary, Action",A sci-fi story about challenge #165.
s166,TV Show,Title 166,Director 130,"Actor 425, Actor 261, Actor 273",Germany,"May 10, 2021",2016,TV-Y,77 min,"Documentary, Animation",A comedy story about challenge #166.
s167,TV Show,Title 167,Director 177,"Actor 323, Actor 14, Actor 306",Germany,"September 03, 2022",1996,R,10 Seasons,"Horror, Action",A crime story about challenge #167.
s168,Movie,Title 168,Director 175,"Actor 125, Actor 17, Actor 294",Mexico,"April 07, 2022",1987,R,115 min,"Sci-Fi, Action",A sci-fi story about challenge #168.
s169,TV Show,Title 169,Director 129,"Actor 397, Actor 314, Actor 472",Germany,"April 15, 2020",1983,PG-13,146 min,"Documentary, Horror",A crime story about challenge #169.
s170,TV Show,Title 170,Director 45,"Actor 236, Actor 468, Actor 273",South Korea,"March 24, 2022",2014,TV-G,5 Seasons,"Animation, Horror",A thriller story about challenge #170.
s171,TV Show,Title 171,Director 143,"Actor 153, Actor 116, Actor 483",Japan,"October 06, 2020",1998,R,8 Seasons,"Documentary, Horror",A documentary story about challenge #171.
s172,TV Show,Title 172,Director 74,"Actor 63, Actor 294, Actor 347",Spain,"April 14, 2024",2004,TV-PG,3 Seasons,"Romance, Drama",A romance story about challenge #172.
s173,TV Show,Title 173,Director 114,"Actor 336, Actor 132, Actor 383",Germany,"November 20, 2018",1993,R,5 Seasons,"Crime, Romance",A action story about challenge #173.
s174,Movie,Title 174,Director 63,"Actor 26, Actor 343, Actor 464",Spain,"March 24, 2019",1994,R,127 min,"Documentary, Horror",A comedy story about challenge #174.
s175,Movie,Title 175,Director 141,"Actor 476, Actor 81, Actor 209",Brazil,"July 18, 2019",2010,TV-14,5 Seasons,"Documentary, Romance",A drama story about challenge #175.
s176,Movie,Title 176,Director 137,"Actor 379, Actor 371, Actor 436",United States,"January 02, 2019",1991,TV-PG,3 Seasons,"Drama, Sci-Fi",A horror story about challenge #176.
s177,TV Show,Title 177,Director 10,"Actor 5, Actor 153, Actor 291",Australia,"February 03, 2020",1986,TV-G,157 min,"Crime, Animation",A horror story about challenge #177.
s178,TV Show,Title 178,Director 70,"Actor 99, Actor 415, Actor 58",South Korea,"July 04, 2019",1990,TV-14,3 Seasons,"Drama, Documentary",A romance story about challenge #178.
s179,Movie,Title 179,Director 45,"Actor 313, Actor 439, Actor 328",France,"May 14, 2024",2007,TV-MA,126 min,"Comedy, Action",A action story about challenge #179.
s180,TV Show,Title 180,Director 64,"Actor 4, Actor 134, Actor 197",Canada,"May 10, 2023",2008,TV-Y,5 Seasons,"Animation, Drama",A romance story about challenge #180.
s181,Movie,Title 181,Director 16,"Actor 342, Actor 61, Actor 239",Japan,"January 12, 2022",1990,TV-PG,5 Seasons,"Comedy, Romance",A documentary story about challenge #181.
s182,Movie,Title 182,Director 35,"Actor 245, Actor 79, Actor 233",Mexico,"June 23, 2020",2018,TV-G,145 min,"Horror, Crime",A thriller story about challenge #182.
s183,Movie,Title 183,Director 135,"Actor 229, Actor 271, Actor 361",South Korea,"October 10, 2020",1984,PG,145 min,"Crime, Thriller",A animation story about challenge #183.
s184,Movie,Title 184,Director 43,"Actor 168, Actor 438, Actor 267",Germany,"January 08, 2024",1987,R,8 Seasons,"Comedy, Crime",A horror story about challenge #184.
s185,TV Show,Title 185,Director 34,"Actor 263, Actor 213, Actor 234",Australia,"August 16, 2018",1983,TV-MA,178 min,"Romance, Drama",A sci-fi story about challenge #185.
s186,Movie,Title 186,Director 56,"Actor 297, Actor 38, Actor 24",France,"November 08, 2020",2002,PG,82 min,"Comedy, Horror",A drama story about challenge #186.
s187,TV Show,Title 187,Director 47,"Actor 394, Actor 70, Actor 393",Brazil,"March 21, 2021",2021,TV-PG,123 min,"Horror, Sci-Fi",A sci-fi story about challenge #187.
s188,Movie,Title 188,Director 168,"Actor 441, Actor 179, Actor 61",United Kingdom,"November 25, 2018",2014,TV-PG,168 min,"Thriller, Drama",A drama story about challenge #188.
s189,TV Show,Title 189,Director 173,"Actor 369, Actor 279, Actor 218",Spain,"May 07, 2021",2004,R,119 min,"Action, Romance",A thriller story about challenge #189.
s190,Movie,Title 190,Director 170,"Actor 215, Actor 315, Actor 393",United States,"April 08, 2019",1995,R,151 min,"Drama, Horror",A animation story about challenge #190.
s191,Movie,Title 191,Director 12,"Actor 206, Actor 225, Actor 120",Spain,"July 19, 2018",1993,G,112 min,"Thriller, Documentary",A animation story about challenge #191.
s192,TV Show,Title 192,Director 61,"Actor 155, Actor 449, Actor 74",Brazil,"September 15, 2024",2013,R,110 min,"Drama, Crime",A animation story about challenge #192.
s193,TV Show,Title 193,Director 143,"Actor 254, Actor 25, Actor 498",South Korea,"December 19, 2019",2021,TV-PG,6 Seasons,"Sci-Fi, Animation",A action story about challenge #193.
s194,TV Show,Title 194,Director 48,"Actor 387, Actor 276, Actor 243",Canada,"May 13, 2021",1994,TV-Y,3 Seasons,"Horror, Drama",A crime story about challenge #194.
s195,TV Show,Title 195,Director 143,"Actor 272, Actor 69, Actor 199",Canada,"August 18, 2022",1996,R,85 min,"Horror, Documentary",A comedy story about challenge #195.
s196,Movie,Title 196,Director 14,"Actor 138, Actor 194, Actor 345",Australia,"January 03, 2024",2018,G,4 Seasons,"Animation, Crime",A thriller story about challenge #196.
s197,Movie,Title 197,Director 86,"Actor 156, Actor 490, Actor 466",United States,"May 18, 2023",1993,R,2 Seasons,"Horror, Thriller",A animation story about challenge #197.
s198,TV Show,Title 198,Director 62,"Actor 283, Actor 165, Actor 398",Japan,"April 17, 2020",2004,TV-14,120 min,"Romance, Animation",A documentary story about challenge #198.
s199,TV Show,Title 199,Director 120,"Actor 51, Actor 412, Actor 370",Germany,"October 02, 2023",2000,R,127 min,"Drama, Thriller",A action story about challenge #199.
s200,TV Show,Title 200,Director 142,"Actor 479, Actor 300, Actor 297",Mexico,"March 08, 2018",2006,TV-Y,117 min,"Thriller, Sci-Fi",A animation story about challenge #200.
s201,TV Show,Title 201,Director 141,"Actor 336, Actor 484, Actor 351",South Korea,"October 03, 2020",1996,TV-14,8 Seasons,"Horror, Action",A documentary story about challenge #201.
s202,Movie,Title 202,Director 140,"Actor 251, Actor 95, Actor 470",Spain,"November 25, 2019",2021,G,84 min,"Drama, Animation",A sci-fi story about challenge #202.
s203,Movie,Title 203,Director 18,"Actor 363, Actor 78, Actor 5",Canada,"July 18, 2019",2012,TV-14,154 min,"Animation, Horror",A horror story about challenge #203.
s204,Movie,Title 204,Director 137,"Actor 283, Actor 211, Actor 7",United States,"March 06, 2018",2013,TV-Y,111 min,"Drama, Crime",A sci-fi story about challenge #204.
s205,Movie,Title 205,Director 25,"Actor 269, Actor 77, Actor 124",Canada,"January 05, 2020",2019,TV-MA,120 min,"Romance, Sci-Fi",A comedy story about challenge #205.
s206,TV Show,Title 206,Director 118,"Actor 290, Actor 125, Actor 357",Canada,"March 09, 2022",1999,PG,1 Seasons,"Comedy, Sci-Fi",A sci-fi story about challenge #206.
s207,TV Show,Title 207,Director 15,"Actor 327, Actor 5, Actor 360",United Kingdom,"March 25, 2022",1985,TV-14,6 Seasons,"Animation, Comedy",A crime story about challenge #207.
s208,Movie,Title 208,Director 55,"Actor 462, Actor 445, Actor 355",Australia,"June 24, 2018",2010,TV-Y,84 min,"Romance, Crime",A animation story about challenge #208.
s209,Movie,Title 209,Director 81,"Actor 9, Actor 493, Actor 107",Australia,"May 15, 2018",1989,TV-PG,5 Seasons,"Action, Thriller",A animation story about challenge #209.
s210,TV Show,Title 210,Director 99,"Actor 387, Actor 379, Actor 72",Turkey,"May 13, 2022",2024,PG,119 min,"Drama, Comedy",A sci-fi story about challenge #210.
s211,Movie,Title 211,Director 88,"Actor 310, Actor 394, Actor 315",Australia,"August 08, 2020",2005,TV-G,109 min,"Horror, Animation",A thriller story about challenge #211.
s212,TV Show,Title 212,Director 111,"Actor 96, Actor 349, Actor 300",Brazil,"December 28, 2021",2004,PG,5 Seasons,"Thriller, Comedy",A comedy story about challenge #212.
s213,Movie,Title 213,Director 98,"Actor 365, Actor 402, Actor 325",United Kingdom,"January 02, 2021",2004,TV-G,86 min,"Drama, Romance",A horror story about challenge #213.
s214,TV Show,Title 214,Director 27,"Actor 68, Actor 45, Actor 96",France,"January 14, 2022",2008,TV-MA,127 min,"Comedy, Drama",A comedy story about challenge #214.
s215,Movie,Title 215,Director 153,"Actor 307, Actor 402, Actor 167",South Africa,"December 20, 2021",2004,G,124 min,"Comedy, Crime",A thriller story about challenge #215.
s216,Movie,Title 216,Director 176,"Actor 195, Actor 87, Actor 72",Japan,"May 31, 2024",1999,TV-Y,83 min,"Action, Sci-Fi",A romance story about challenge #216.
s217,TV Show,Title 217,Director 124,"Actor 401, Actor 40, Actor 185",Japan,"September 21, 2022",1995,TV-14,100 min,"Horror, Comedy",A action story about challenge #217.
s218,Movie,Title 218,Director 102,"Actor 171, Actor 431, Actor 318",France,"June 01, 2021",2001,TV-14,179 min,"Animation, Action",A romance story about challenge #218.
s219,Movie,Title 219,Director 123,"Actor 161, Actor 91, Actor 494",France,"August 06, 2021",2000,TV-Y,8 Seasons,"Animation, Thriller",A documentary story about challenge #219.
s220,TV Show,Title 220,Director 101,"Actor 187, Actor 59, Actor 478",Australia,"March 21, 2022",1992,TV-MA,173 min,"Crime, Drama",A horror story about challenge #220.
s221,TV Show,Title 221,Director 75,"Actor 426, Actor 355, Actor 36",South Africa,"May 08, 2020",2006,TV-14,113 min,"Thriller, Romance",A action story about challenge #221.
s222,TV Show,Title 222,Director 19,"Actor 230, Actor 307, Actor 246",Australia,"September 30, 2022",2005,TV-MA,163 min,"Sci-Fi, Crime",A drama story about challenge #222.
s223,Movie,Title 223,Director 28,"Actor 394, Actor 128, Actor 337",Brazil,"January 12, 2022",2002,PG-13,1 Seasons,"Animation, Sci-Fi",A documentary story about challenge #223.
s224,Movie,Title 224,Director 3,"Actor 51, Actor 133, Actor 114",Spain,"October 30, 2022",2013,TV-MA,148 min,"Thriller, Horror",A documentary story about challenge #224.
s225,TV Show,Title 225,Director 174,"Actor 302, Actor 354, Actor 257",United Kingdom,"May 22, 2022",2002,G,112 min,"Sci-Fi, Comedy",A comedy story about challenge #225.
s226,TV Show,Title 226,Director 80,"Actor 176, Actor 234, Actor 402",Canada,"August 04, 2019",2013,TV-14,87 min,"Horror, Animation",A documentary story about challenge #226.
s227,TV Show,Title 227,Director 12,"Actor 415, Actor 364, Actor 59",United States,"October 03, 2018",2001,PG,3 Seasons,"Thriller, Crime",A action story about challenge #227.
s228,Movie,Title 228,Director 85,"Actor 287, Actor 219, Actor 491",Germany,"March 10, 2024",1994,TV-PG,3 Seasons,"Sci-Fi, Animation",A drama story about challenge #228.
s229,TV Show,Title 229,Director 152,"Actor 220, Actor 200, Actor 3",Mexico,"March 19, 2020",1993,R,165 min,"Comedy, Animation",A crime story about challenge #229.
s230,TV Show,Title 230,Director 84,"Actor 101, Actor 235, Actor 59",Japan,"February 05, 2020",2022,TV-14,156 min,"Documentary, Sci-Fi",A animation story about challenge #230.
s231,Movie,Title 231,Director 90,"Actor 181, Actor 433, Actor 235",Australia,"May 27, 2022",1991,TV-Y,10 Seasons,"Comedy, Action",A documentary story about challenge #231.
s232,Movie,Title 232,Director 79,"Actor 60, Actor 94, Actor 192",Mexico,"April 28, 2019",1989,TV-MA,151 min,"Action, Sci-Fi",A sci-fi story about challenge #232.
s233,TV Show,Title 233,Director 163,"Actor 276, Actor 356, Actor 471",Brazil,"January 31, 2020",1991,TV-MA,111 min,"Action, Animation",A documentary story about challenge #233.
s234,Movie,Title 234,Director 92,"Actor 488, Actor 5, Actor 249",United Kingdom,"January 22, 2023",1992,TV-PG,9 Seasons,"Horror, Sci-Fi",A horror story about challenge #234.
s235,TV Show,Title 235,Director 126,"Actor 86, Actor 43, Actor 290",United States,"August 30, 2022",1994,TV-Y,103 min,"Crime, Romance",A action story about challenge #235.
s236,TV Show,Title 236,Director 141,"Actor 262, Actor 58, Actor 294",India,"February 17, 2023",1997,TV-MA,6 Seasons,"Crime, Drama",A horror story about challenge #236.
s237,Movie,Title 237,Director 109,"Actor 53, Actor 377, Actor 425",Brazil,"February 16, 2024",1995,TV-Y,1 Seasons,"Horror, Romance",A documentary story about challenge #237.
s238,TV Show,Title 238,Director 31,"Actor 398, Actor 416, Actor 122",Canada,"December 23, 2018",2017,TV-G,10 Seasons,"Sci-Fi, Action",A animation story about challenge #238.
s239,Movie,Title 239,Director 53,"Actor 413, Actor 31, Actor 292",South Korea,"July 25, 2019",2014,TV-Y,96 min,"Documentary, Romance",A romance story about challenge #239.
s240,TV Show,Title 240,Director 132,"Actor 461, Actor 348, Actor 418",India,"June 03, 2024",1988,TV-PG,5 Seasons,"Action, Animation",A thriller story about challenge #240.
s241,TV Show,Title 241,Director 64,"Actor 390, Actor 432, Actor 347",France,"August 23, 2019",2011,PG-13,109 min,"Sci-Fi, Animation",A horror story about challenge #241.
s242,Movie,Title 242,Director 104,"Actor 264, Actor 384, Actor 143",Mexico,"November 06, 2018",2003,TV-14,6 Seasons,"Animation, Drama",A comedy story about challenge #242.
s243,TV Show,Title 243,Director 17,"Actor 408, Actor 274, Actor 204",Canada,"February 21, 2023",2007,R,116 min,"Romance, Documentary",A crime story about challenge #243.
s244,Movie,Title 244,Director 145,"Actor 437, Actor 249, Actor 404",South Korea,"June 25, 2024",2023,G,155 min,"Horror, Drama",A comedy story about challenge #244.
s245,TV Show,Title 245,Director 117,"Actor 1, Actor 491, Actor 220",Canada,"October 10, 2019",2024,PG-13,5 Seasons,"Action, Romance",A comedy story about challenge #245.
s246,TV Show,Title 246,Director 22,"Actor 191, Actor 341, Actor 463",Brazil,"January 16, 2022",1990,G,114 min,"Thriller, Sci-Fi",A comedy story about challenge #246.
s247,Movie,Title 247,Director 55,"Actor 245, Actor 40, Actor 68",Australia,"January 25, 2019",1994,TV-MA,1 Seasons,"Drama, Documentary",A comedy story about challenge #247.
s248,Movie,Title 248,Director 123,"Actor 37, Actor 118, Actor 197",India,"September 26, 2022",1986,PG,113 min,"Action, Sci-Fi",A action story about challenge #248.
s249,Movie,Title 249,Director 136,"Actor 289, Actor 5, Actor 313",Brazil,"August 09, 2019",1990,TV-14,102 min,"Action, Sci-Fi",A animation story about challenge #249.
s250,Movie,Title 250,Director 23,"Actor 460, Actor 52, Actor 72",Turkey,"December 18, 2022",1987,TV-PG,129 min,"Documentary, Action",A thriller story about challenge #250.
s251,Movie,Title 251,Director 64,"Actor 284, Actor 308, Actor 308",Mexico,"February 08, 2021",2018,TV-Y,1 Seasons,"Romance, Thriller",A crime story about challenge #251.
s252,Movie,Title 252,Director 101,"Actor 152, Actor 331, Actor 28",Turkey,"October 21, 2024",1995,TV-14,105 min,"Horror, Comedy",A crime story about challenge #252.
s253,TV Show,Title 253,Director 82,"Actor 68, Actor 199, Actor 441",South Africa,"February 19, 2018",2016,TV-PG,162 min,"Action, Horror",A comedy story about challenge #253.
s254,Movie,Title 254,Director 4,"Actor 135, Actor 111, Actor 21",United States,"March 10, 2018",2005,TV-MA,166 min,"Crime, Sci-Fi",A sci-fi story about challenge #254.
s255,Movie,Title 255,Director 164,"Actor 275, Actor 276, Actor 316",United Kingdom,"July 06, 2022",1997,PG,140 min,"Thriller, Action",A crime story about challenge #255.
s256,TV Show,Title 256,Director 151,"Actor 325, Actor 391, Actor 428",Brazil,"August 31, 2021",2023,PG,130 min,"Thriller, Drama",A thriller story about challenge #256.
s257,TV Show,Title 257,Director 30,"Actor 233, Actor 314, Actor 312",United States,"December 20, 2018",1999,PG-13,165 min,"Action, Drama",A action story about challenge #257.
s258,TV Show,Title 258,Director 134,"Actor 265, Actor 401, Actor 422",Mexico,"July 27, 2023",1996,PG-13,170 min,"Romance, Comedy",A drama story about challenge #258.
s259,TV Show,Title 259,Director 70,"Actor 269, Actor 33, Actor 135",Mexico,"October 04, 2021",2016,PG,140 min,"Documentary, Drama",A horror story about challenge #259.
s260,Movie,Title 260,Director 95,"Actor 81, Actor 131, Actor 396",India,"May 10, 2024",2016,PG,140 min,"Drama, Animation",A drama story about challenge #260.
s261,Movie,Title 261,Director 121,"Actor 187, Actor 197, Actor 472",United Kingdom,"September 28, 2020",1991,G,166 min,"Sci-Fi, Thriller",A documentary story about challenge #261.
s262,TV Show,Title 262,Director 82,"Actor 139, Actor 423, Actor 40",Australia,"October 13, 2020",2003,PG,81 min,"Action, Thriller",A crime story about challenge #262.
s263,TV Show,Title 263,Director 18,"Actor 450, Actor 239, Actor 444",Japan,"July 08, 2018",1999,TV-G,133 min,"Drama, Documentary",A thriller story about challenge #263.
s264,TV Show,Title 264,Director 160,"Actor 125, Actor 238, Actor 189",Australia,"April 09, 2021",2011,R,9 Seasons,"Thriller, Action",A drama story about challenge #264.
s265,Movie,Title 265,Director 60,"Actor 278, Actor 178, Actor 326",South Africa,"August 07, 2022",2024,G,1 Seasons,"Sci-Fi, Romance",A comedy story about challenge #265.
s266,Movie,Title 266,Director 108,"Actor 252, Actor 493, Actor 31",United Kingdom,"April 20, 2020",1997,PG,104 min,"Crime, Sci-Fi",A documentary story about challenge #266.
s267,Movie,Title 267,Director 149,"Actor 49, Actor 259, Actor 69",Brazil,"February 21, 2023",2005,PG,82 min,"Sci-Fi, Action",A thriller story about challenge #267.
s268,TV Show,Title 268,Director 81,"Actor 475, Actor 411, Actor 202",Mexico,"April 09, 2021",2000,TV-G,104 min,"Comedy, Thriller",A action story about challenge #268.
s269,Movie,Title 269,Director 40,"Actor 55, Actor 85, Actor 231",Germany,"July 22, 2024",2000,TV-PG,120 min,"Thriller, Horror",A romance story about challenge #269.
s270,TV Show,Title 270,Director 31,"Actor 47, Actor 81, Actor 414",Brazil,"March 13, 2023",1999,G,116 min,"Action, Comedy",A thriller story about challenge #270.
s271,TV Show,Title 271,Director 132,"Actor 26, Actor 347, Actor 154",Japan,"December 28, 2021",1991,G,8 Seasons,"Crime, Animation",A thriller story about challenge #271.
s272,TV Show,Title 272,Director 27,"Actor 412, Actor 407, Actor 72",India,"January 23, 2019",1980,G,4 Seasons,"Action, Thriller",A sci-fi story about challenge #272.
s273,Movie,Title 273,Director 150,"Actor 301, Actor 133, Actor 470",South Africa,"March 05, 2022",1984,G,4 Seasons,"Horror, Action",A comedy story about challenge #273.
s274,Movie,Title 274,Director 11,"Actor 483, Actor 237, Actor 26",United Kingdom,"September 20, 2021",2016,TV-PG,7 Seasons,"Horror, Drama",A sci-fi story about challenge #274.
s275,Movie,Title 275,Director 91,"Actor 110, Actor 466, Actor 96",Japan,"October 14, 2022",1997,TV-14,1 Seasons,"Animation, Thriller",A romance story about challenge #275.
s276,TV Show,Title 276,Director 141,"Actor 246, Actor 32, Actor 45",Japan,"August 06, 2023",2004,PG-13,157 min,"Crime, Thriller",A crime story about challenge #276.
s277,TV Show,Title 277,Director 92,"Actor 246, Actor 279, Actor 401",Germany,"March 21, 2018",2002,TV-MA,109 min,"Action, Drama",A documentary story about challenge #277.
s278,Movie,Title 278,Director 8,"Actor 459, Actor 416, Actor 399",Japan,"September 11, 2024",1983,TV-14,173 min,"Animation, Thriller",A action story about challenge #278.
s279,Movie,Title 279,Director 169,"Actor 124, Actor 137, Actor 274",South Africa,"February 15, 2019",1983,R,177 min,"Sci-Fi, Documentary",A action story about challenge #279.
s280,Movie,Title 280,Director 152,"Actor 163, Actor 413, Actor 378",Mexico,"December 23, 2019",2002,G,6 Seasons,"Animation, Action",A animation story about challenge #280.
s281,TV Show,Title 281,Director 139,"Actor 159, Actor 90, Actor 252",United States,"February 11, 2020",1985,G,103 min,"Drama, Crime",A horror story about challenge #281.
s282,TV Show,Title 282,Director 158,"Actor 104, Actor 413, Actor 67",South Korea,"January 03, 2018",1991,TV-G,93 min,"Animation, Action",A comedy story about challenge #282.
s283,TV Show,Title 283,Director 19,"Actor 192, Actor 361, Actor 483",Brazil,"November 26, 2023",2005,PG,116 min,"Action, Animation",A sci-fi story about challenge #283.
s284,TV Show,Title 284,Director 45,"Actor 363, Actor 496, Actor 288",Mexico,"June 19, 2023",2019,TV-G,150 min,"Action, Sci-Fi",A romance story about challenge #284.
s285,Movie,Title 285,Director 46,"Actor 374, Actor 1, Actor 486",Mexico,"April 21, 2021",2016,TV-PG,10 Seasons,"Drama, Action",A animation story about challenge #285.
s286,Movie,Title 286,Director 164,"Actor 290, Actor 54, Actor 480",Germany,"July 27, 2021",1989,TV-G,4 Seasons,"Documentary, Animation",A action story about challenge #286.
s287,TV Show,Title 287,Director 115,"Actor 6, Actor 136, Actor 108",Canada,"December 30, 2018",2024,PG,175 min,"Comedy, Drama",A drama story about challenge #287.
s288,TV Show,Title 288,Director 108,"Actor 497, Actor 86, Actor 453",France,"April 30, 2022",2011,TV-PG,123 min,"Comedy, Horror",A animation story about challenge #288.
s289,Movie,Title 289,Director 116,"Actor 38, Actor 410, Actor 434",United States,"July 12, 2020",1998,G,88 min,"Comedy, Documentary",A action story about challenge #289.
s290,Movie,Title 290,Director 20,"Actor 281, Actor 483, Actor 460",India,"March 18, 2022",2001,TV-14,7 Seasons,"Action, Sci-Fi",A action story about challenge #290.
s291,Movie,Title 291,Director 85,"Actor 106, Actor 499, Actor 98",France,"August 08, 2018",2024,TV-MA,9 Seasons,"Romance, Animation",A romance story about challenge #291.
s292,Movie,Title 292,Director 13,"Actor 202, Actor 293, Actor 282",South Africa,"August 30, 2020",2011,PG-13,75 min,"Sci-Fi, Comedy",A romance story about challenge #292.
s293,TV Show,Title 293,Director 52,"Actor 50, Actor 14, Actor 106",United Kingdom,"September 24, 2024",2020,TV-Y,8 Seasons,"Comedy, Romance",A sci-fi story about challenge #293.
s294,TV Show,Title 294,Director 170,"Actor 136, Actor 47, Actor 329",Spain,"April 13, 2023",2004,PG-13,123 min,"Documentary, Action",A horror story about challenge #294.
s295,TV Show,Title 295,Director 113,"Actor 239, Actor 135, Actor 116",South Africa,"July 02, 2018",1997,G,164 min,"Comedy, Animation",A documentary story about challenge #295.
s296,TV Show,Title 296,Director 151,"Actor 117, Actor 284, Actor 32",South Africa,"January 27, 2024",2004,TV-MA,143 min,"Horror, Thriller",A horror story about challenge #296.
s297,Movie,Title 297,Director 102,"Actor 463, Actor 438, Actor 366",United States,"May 09, 2021",2012,TV-MA,10 Seasons,"Action, Comedy",A horror story about challenge #297.
s298,Movie,Title 298,Director 55,"Actor 414, Actor 99, Actor 65",United States,"December 10, 2019",2007,PG,7 Seasons,"Thriller, Action",A animation story about challenge #298.
s299,TV Show,Title 299,Director 18,"Actor 45, Actor 199, Actor 285",France,"November 22, 2020",2015,TV-G,9 Seasons,"Horror, Drama",A animation story about challenge #299.
s300,TV Show,Title 300,Director 29,"Actor 213, Actor 77, Actor 76",Australia,"August 03, 2024",2017,PG,10 Seasons,"Comedy, Romance",A crime story about challenge #300.
s301,TV Show,Title 301,Director 68,"Actor 197, Actor 336, Actor 249",Australia,"November 09, 2021",2018,TV-14,110 min,"Sci-Fi, Action",A animation story about challenge #301.
s302,TV Show,Title 302,Director 10,"Actor 203, Actor 456, Actor 451",South Korea,"October 29, 2024",2024,R,135 min,"Romance, Documentary",A drama story about challenge #302.
s303,TV Show,Title 303,Director 80,"Actor 144, Actor 432, Actor 252",South Africa,"October 15, 2021",2024,PG,4 Seasons,"Action, Romance",A horror story about challenge #303.
s304,TV Show,Title 304,Director 107,"Actor 310, Actor 331, Actor 46",Canada,"August 07, 2021",2008,R,7 Seasons,"Horror, Crime",A documentary story about challenge #304.
s305,Movie,Title 305,Director 17,"Actor 160, Actor 364, Actor 260",France,"August 19, 2018",1988,TV-MA,1 Seasons,"Action, Thriller",A thriller story about challenge #305.
s306,Movie,Title 306,Director 9,"Actor 234, Actor 26, Actor 471",South Korea,"August 25, 2018",1992,TV-Y,134 min,"Crime, Sci-Fi",A comedy story about challenge #306.
s307,Movie,Title 307,Director 96,"Actor 251, Actor 305, Actor 229",United Kingdom,"May 06, 2018",2010,TV-MA,95 min,"Romance, Comedy",A romance story about challenge #307.
s308,TV Show,Title 308,Director 13,"Actor 84, Actor 438, Actor 293",Turkey,"April 23, 2018",1993,R,4 Seasons,"Romance, Sci-Fi",A crime story about challenge #308.
s309,Movie,Title 309,Director 122,"Actor 467, Actor 68, Actor 332",United Kingdom,"March 24, 2018",2018,G,152 min,"Romance, Animation",A sci-fi story about challenge #309.
s310,TV Show,Title 310,Director 118,"Actor 130, Actor 112, Actor 239",Japan,"March 23, 2022",2023,TV-MA,7 Seasons,"Animation, Comedy",A drama story about challenge #310.
s311,TV Show,Title 311,Director 144,"Actor 332, Actor 305, Actor 312",Japan,"September 27, 2023",1999,PG,118 min,"Romance, Documentary",A romance story about challenge #311.
s312,TV Show,Title 312,Director 49,"Actor 77, Actor 265, Actor 392",Canada,"December 05, 2020",1983,TV-PG,3 Seasons,"Drama, Horror",A romance story about challenge #312.
s313,TV Show,Title 313,Director 104,"Actor 199, Actor 378, Actor 19",Australia,"November 28, 2020",2016,R,166 min,"Thriller, Crime",A horror story about challenge #313.
s314,TV Show,Title 314,Director 44,"Actor 431, Actor 337, Actor 449",Spain,"January 08, 2022",1991,TV-Y,91 min,"Romance, Crime",A action story about challenge #314.
s315,Movie,Title 315,Director 57,"Actor 182, Actor 115, Actor 382",South Africa,"October 06, 2021",1999,TV-PG,6 Seasons,"Documentary, Romance",A animation story about challenge #315.
s316,TV Show,Title 316,Director 31,"Actor 241, Actor 28, Actor 444",Brazil,"April 19, 2021",2017,PG,99 min,"Crime, Comedy",A sci-fi story about challenge #316.
s317,TV Show,Title 317,Director 106,"Actor 28, Actor 446, Actor 438",United Kingdom,"December 11, 2023",1988,R,147 min,"Horror, Action",A documentary story about challenge #317.
s318,Movie,Title 318,Director 125,"Actor 171, Actor 324, Actor 91",South Korea,"January 09, 2020",2020,G,110 min,"Thriller, Action",A animation story about challenge #318.
s319,TV Show,Title 319,Director 23,"Actor 67, Actor 315, Actor 223",Brazil,"October 11, 2019",2007,TV-PG,136 min,"Sci-Fi, Drama",A drama story about challenge #319.
s320,Movie,Title 320,Director 96,"Actor 487, Actor 8, Actor 457",South Korea,"December 27, 2023",2013,R,75 min,"Thriller, Animation",A documentary story about challenge #320.
s321,Movie,Title 321,Director 27,"Actor 197, Actor 258, Actor 302",Japan,"July 02, 2021",1990,PG,5 Seasons,"Romance, Horror",A crime story about challenge #321.
s322,TV Show,Title 322,Director 112,"Actor 455, Actor 352, Actor 69",South Korea,"September 08, 2024",2011,TV-G,3 Seasons,"Sci-Fi, Drama",A thriller story about challenge #322.
s323,Movie,Title 323,Director 55,"Actor 376, Actor 12, Actor 302",Spain,"July 07, 2020",1990,PG,158 min,"Drama, Sci-Fi",A romance story about challenge #323.
s324,Movie,Title 324,Director 153,"Actor 25, Actor 339, Actor 56",Brazil,"December 31, 2023",1981,G,7 Seasons,"Horror, Sci-Fi",A comedy story about challenge #324.
s325,TV Show,Title 325,Director 122,"Actor 360, Actor 79, Actor 106",Mexico,"February 20, 2024",2023,G,159 min,"Comedy, Crime",A romance story about challenge #325.
s326,Movie,Title 326,Director 108,"Actor 426, Actor 461, Actor 54",Spain,"October 16, 2024",2019,PG,175 min,"Comedy, Horror",A thriller story about challenge #326.
s327,Movie,Title 327,Director 68,"Actor 426, Actor 268, Actor 499",Canada,"October 30, 2024",2002,TV-PG,80 min,"Crime, Horror",A thriller story about challenge #327.
s328,TV Show,Title 328,Director 61,"Actor 2, Actor 7, Actor 344",India,"May 23, 2023",1987,TV-14,86 min,"Crime, Comedy",A comedy story about challenge #328.
s329,Movie,Title 329,Director 117,"Actor 152, Actor 136, Actor 238",United States,"November 14, 2020",1986,PG-13,5 Seasons,"Documentary, Animation",A sci-fi story about challenge #329.
s330,Movie,Title 330,Director 12,"Actor 5, Actor 437, Actor 71",Brazil,"April 20, 2019",2021,PG-13,131 min,"Animation, Romance",A comedy story about challenge #330.
s331,TV Show,Title 331,Director 47,"Actor 59, Actor 206, Actor 205",Germany,"March 07, 2022",1997,TV-PG,8 Seasons,"Sci-Fi, Action",A comedy story about challenge #331.
s332,Movie,Title 332,Director 41,"Actor 54, Actor 214, Actor 467",Australia,"June 27, 2019",2010,TV-14,123 min,"Documentary, Drama",A action story about challenge #332.
s333,TV Show,Title 333,Director 29,"Actor 455, Actor 211, Actor 226",United States,"June 02, 2023",1984,TV-Y,1 Seasons,"Crime, Thriller",A documentary story about challenge #333.
s334,Movie,Title 334,Director 111,"Actor 339, Actor 373, Actor 128",Germany,"October 28, 2023",2002,TV-PG,180 min,"Crime, Drama",A drama story about challenge #334.
s335,TV Show,Title 335,Director 127,"Actor 446, Actor 85, Actor 39",Turkey,"October 05, 2019",2011,TV-G,110 min,"Drama, Crime",A thriller story about challenge #335.
s336,TV Show,Title 336,Director 104,"Actor 419, Actor 121, Actor 41",Germany,"March 04, 2024",2008,TV-14,138 min,"Horror, Documentary",A comedy story about challenge #336.
s337,Movie,Title 337,Director 27,"Actor 207, Actor 212, Actor 19",Spain,"July 31, 2023",2015,G,10 Seasons,"Animation, Romance",A crime story about challenge #337.
s338,Movie,Title 338,Director 168,"Actor 344, Actor 234, Actor 487",South Korea,"April 22, 2024",2003,G,8 Seasons,"Documentary, Crime",A animation story about challenge #338.
s339,TV Show,Title 339,Director 169,"Actor 187, Actor 367, Actor 232",India,"September 23, 2024",1986,R,120 min,"Romance, Crime",A crime story about challenge #339.
s340,Movie,Title 340,Director 12,"Actor 460, Actor 85, Actor 253",United Kingdom,"March 12, 2022",2006,PG,100 min,"Thriller, Comedy",A sci-fi story about challenge #340.
s341,TV Show,Title 341,Director 49,"Actor 367, Actor 174, Actor 56",Turkey,"June 02, 2020",2006,G,10 Seasons,"Comedy, Horror",A horror story about challenge #341.
s342,Movie,Title 342,Director 128,"Actor 3, Actor 272, Actor 377",United States,"August 10, 2024",2015,TV-PG,8 Seasons,"Crime, Action",A animation story about challenge #342.
s343,Movie,Title 343,Director 27,"Actor 199, Actor 337, Actor 308",Australia,"December 13, 2019",2000,TV-MA,7 Seasons,"Animation, Thriller",A romance story about challenge #343.
s344,TV Show,Title 344,Director 76,"Actor 232, Actor 413, Actor 69",United Kingdom,"June 18, 2022",2006,TV-MA,164 min,"Crime, Documentary",A crime story about challenge #344.
s345,Movie,Title 345,Director 54,"Actor 320, Actor 366, Actor 149",Brazil,"June 09, 2020",2002,PG-13,3 Seasons,"Crime, Animation",A documentary story about challenge #345.
s346,TV Show,Title 346,Director 144,"Actor 246, Actor 299, Actor 293",Brazil,"April 18, 2019",2006,TV-MA,129 min,"Drama, Crime",A comedy story about challenge #346.
s347,TV Show,Title 347,Director 38,"Actor 28, Actor 344, Actor 29",Canada,"April 14, 2018",1997,PG-13,5 Seasons,"Action, Drama",A romance story about challenge #347.
s348,Movie,Title 348,Director 92,"Actor 417, Actor 232, Actor 53",Australia,"April 15, 2020",2023,TV-MA,9 Seasons,"Sci-Fi, Thriller",A crime story about challenge #348.
s349,Movie,Title 349,Director 98,"Actor 199, Actor 214, Actor 490",Turkey,"March 24, 2021",2023,TV-G,1 Seasons,"Drama, Romance",A thriller story about challenge #349.
s350,Movie,Title 350,Director 163,"Actor 361, Actor 364, Actor 332",South Korea,"December 20, 2022",2017,TV-MA,4 Seasons,"Thriller, Romance",A horror story about challenge #350.
s351,Movie,Title 351,Director 48,"Actor 493, Actor 89, Actor 377",Spain,"December 28, 2019",1987,TV-PG,110 min,"Crime, Romance",A action story about challenge #351.
s352,TV Show,Title 352,Director 2,"Actor 170, Actor 239, Actor 364",United Kingdom,"October 22, 2019",1982,PG-13,10 Seasons,"Drama, Romance",A horror story about challenge #352.
s353,TV Show,Title 353,Director 19,"Actor 402, Actor 363, Actor 163",Spain,"June 03, 2024",1994,PG-13,175 min,"Crime, Action",A sci-fi story about challenge #353.
s354,TV Show,Title 354,Director 24,"Actor 179, Actor 114, Actor 453",Canada,"February 03, 2024",2022,TV-G,112 min,"Thriller, Crime",A horror story about challenge #354.
s355,Movie,Title 355,Director 30,"Actor 343, Actor 178, Actor 229",Canada,"April 18, 2024",2021,R,6 Seasons,"Sci-Fi, Comedy",A sci-fi story about challenge #355.
s356,TV Show,Title 356,Director 7,"Actor 467, Actor 265, Actor 421",Turkey,"November 16, 2020",2003,TV-MA,8 Seasons,"Horror, Drama",A romance story about challenge #356.
s357,TV Show,Title 357,Director 132,"Actor 43, Actor 486, Actor 50",United Kingdom,"February 28, 2020",2014,TV-MA,83 min,"Thriller, Animation",A sci-fi story about challenge #357.
s358,Movie,Title 358,Director 138,"Actor 425, Actor 360, Actor 450",Mexico,"March 02, 2019",2007,PG,3 Seasons,"Drama, Horror",A documentary story about challenge #358.
s359,Movie,Title 359,Director 19,"Actor 28, Actor 92, Actor 407",Japan,"June 05, 2018",2015,PG,104 min,"Romance, Sci-Fi",A sci-fi story about challenge #359.
s360,TV Show,Title 360,Director 111,"Actor 162, Actor 9, Actor 200",Brazil,"January 22, 2023",1987,TV-MA,167 min,"Animation, Comedy",A animation story about challenge #360.
s361,Movie,Title 361,Director 92,"Actor 476, Actor 258, Actor 55",Japan,"July 06, 2018",2023,TV-Y,5 Seasons,"Horror, Sci-Fi",A sci-fi story about challenge #361.
s362,TV Show,Title 362,Director 41,"Actor 274, Actor 113, Actor 70",Mexico,"May 07, 2018",2005,TV-MA,156 min,"Action, Romance",A documentary story about challenge #362.
s363,Movie,Title 363,Director 32,"Actor 22, Actor 3, Actor 294",Australia,"February 15, 2018",2005,TV-MA,85 min,"Romance, Thriller",A documentary story about challenge #363.
s364,TV Show,Title 364,Director 166,"Actor 436, Actor 263, Actor 73",United Kingdom,"May 17, 2020",1991,R,5 Seasons,"Thriller, Comedy",A action story about challenge #364.
s365,Movie,Title 365,Director 141,"Actor 237, Actor 331, Actor 282",India,"May 12, 2024",1998,PG,100 min,"Animation, Horror",A documentary story about challenge #365.
s366,Movie,Title 366,Director 172,"Actor 336, Actor 121, Actor 52",Japan,"January 02, 2022",2019,PG,6 Seasons,"Horror, Animation",A documentary story about challenge #366.
s367,Movie,Title 367,Director 145,"Actor 291, Actor 187, Actor 414",South Korea,"June 06, 2021",2007,PG-13,106 min,"Thriller, Sci-Fi",A romance story about challenge #367.
s368,Movie,Title 368,Director 174,"Actor 376, Actor 170, Actor 450",Germany,"January 12, 2022",2009,TV-14,114 min,"Horror, Crime",A comedy story about challenge #368.
s369,Movie,Title 369,Director 72,"Actor 440, Actor 424, Actor 72",Spain,"December 21, 2019",1992,TV-Y,2 Seasons,"Comedy, Drama",A crime story about challenge #369.
s370,TV Show,Title 370,Director 152,"Actor 109, Actor 465, Actor 19",Spain,"May 08, 2018",1996,TV-MA,9 Seasons,"Horror, Action",A documentary story about challenge #370.
s371,Movie,Title 371,Director 151,"Actor 376, Actor 439, Actor 149",United Kingdom,"May 27, 2022",2009,TV-MA,125 min,"Documentary, Crime",A drama story about challenge #371.
s372,Movie,Title 372,Director 132,"Actor 72, Actor 229, Actor 82",United Kingdom,"September 05, 2020",2016,PG-13,8 Seasons,"Documentary, Drama",A thriller story about challenge #372.
s373,Movie,Title 373,Director 17,"Actor 136, Actor 190, Actor 120",United States,"June 21, 2023",2022,R,176 min,"Documentary, Sci-Fi",A horror story about challenge #373.
s374,Movie,Title 374,Director 11,"Actor 333, Actor 166, Actor 53",Mexico,"February 06, 2023",2013,TV-Y,5 Seasons,"Animation, Crime",A animation story about challenge #374.
s375,TV Show,Title 375,Director 168,"Actor 194, Actor 188, Actor 301",Brazil,"December 14, 2019",1984,TV-MA,103 min,"Crime, Sci-Fi",A documentary story about challenge #375.
s376,TV Show,Title 376,Director 124,"Actor 455, Actor 310, Actor 4",Spain,"November 14, 2021",1988,TV-14,84 min,"Crime, Romance",A thriller story about challenge #376.
s377,Movie,Title 377,Director 41,"Actor 186, Actor 309, Actor 368",South Africa,"September 08, 2019",1987,R,117 min,"Comedy, Horror",A horror story about challenge #377.
s378,Movie,Title 378,Director 152,"Actor 83, Actor 332, Actor 427",France,"May 17, 2023",1981,R,148 min,"Animation, Action",A action story about challenge #378.
s379,Movie,Title 379,Director 147,"Actor 76, Actor 29, Actor 86",Japan,"October 01, 2023",1991,TV-MA,10 Seasons,"Animation, Drama",A romance story about challenge #379.
s380,Movie,Title 380,Director 115,"Actor 311, Actor 242, Actor 445",Germany,"December 18, 2018",1990,R,10 Seasons,"Action, Animation",A animation story about challenge #380.
s381,TV Show,Title 381,Director 43,"Actor 371, Actor 352, Actor 176",Germany,"September 24, 2023",2018,PG,124 min,"Action, Comedy",A drama story about challenge #381.
s382,TV Show,Title 382,Director 39,"Actor 311, Actor 50, Actor 91",Germany,"April 08, 2020",2019,G,9 Seasons,"Crime, Comedy",A comedy story about challenge #382.
s383,Movie,Title 383,Director 155,"Actor 277, Actor 424, Actor 1",Turkey,"May 30, 2023",2023,TV-PG,122 min,"Drama, Crime",A sci-fi story about challenge #383.
s384,TV Show,Title 384,Director 98,"Actor 180, Actor 302, Actor 412",Mexico,"July 28, 2020",2024,PG,107 min,"Horror, Thriller",A comedy story about challenge #384.
s385,TV Show,Title 385,Director 66,"Actor 97, Actor 3, Actor 364",Mexico,"March 06, 2021",1980,TV-MA,75 min,"Sci-Fi, Thriller",A documentary story about challenge #385.
s386,TV Show,Title 386,Director 28,"Actor 80, Actor 219, Actor 334",Australia,"August 02, 2022",1996,TV-Y,7 Seasons,"Animation, Documentary",A animation story about challenge #386.
s387,TV Show,Title 387,Director 53,"Actor 212, Actor 283, Actor 402",Spain,"February 02, 2021",2010,PG-13,146 min,"Horror, Romance",A romance story about challenge #387.
s388,TV Show,Title 388,Director 102,"Actor 377, Actor 71, Actor 438",South Africa,"June 24, 2024",2022,PG,8 Seasons,"Action, Comedy",A thriller story about challenge #388.
s389,TV Show,Title 389,Director 87,"Actor 411, Actor 282, Actor 315",Mexico,"September 14, 2023",2023,G,156 min,"Drama, Comedy",A action story about challenge #389.
s390,TV Show,Title 390,Director 23,"Actor 33, Actor 135, Actor 114",South Korea,"April 16, 2023",1985,G,7 Seasons,"Animation, Crime",A romance story about challenge #390.
s391,Movie,Title 391,Director 45,"Actor 328, Actor 254, Actor 225",United States,"September 13, 2024",1992,TV-MA,79 min,"Animation, Crime",A crime story about challenge #391.
s392,Movie,Title 392,Director 173,"Actor 19, Actor 185, Actor 123",Brazil,"August 06, 2020",1980,PG-13,110 min,"Sci-Fi, Documentary",A sci-fi story about challenge #392.
s393,Movie,Title 393,Director 133,"Actor 8, Actor 378, Actor 361",India,"July 19, 2022",1985,TV-MA,146 min,"Animation, Documentary",A documentary story about challenge #393.
s394,Movie,Title 394,Director 156,"Actor 494, Actor 100, Actor 233",France,"February 06, 2021",2016,G,127 min,"Crime, Comedy",A crime story about challenge #394.
s395,TV Show,Title 395,Director 88,"Actor 485, Actor 60, Actor 412",Spain,"October 24, 2018",1996,TV-MA,10 Seasons,"Romance, Horror",A sci-fi story about challenge #395.
s396,TV Show,Title 396,Director 63,"Actor 388, Actor 174, Actor 493",Turkey,"April 25, 2024",2009,TV-14,1 Seasons,"Horror, Comedy",A romance story about challenge #396.
s397,TV Show,Title 397,Director 163,"Actor 404, Actor 113, Actor 347",Mexico,"October 04, 2018",1994,TV-G,120 min,"Crime, Animation",A drama story about challenge #397.
s398,Movie,Title 398,Director 74,"Actor 48, Actor 205, Actor 345",Mexico,"December 14, 2020",2001,PG,97 min,"Horror, Documentary",A documentary story about challenge #398.
s399,TV Show,Title 399,Director 47,"Actor 485, Actor 383, Actor 350",Canada,"June 14, 2020",2011,R,105 min,"Romance, Thriller",A thriller story about challenge #399.
s400,Movie,Title 400,Director 159,"Actor 183, Actor 80, Actor 399",India,"April 10, 2020",1987,PG,8 Seasons,"Animation, Drama",A crime story about challenge #400.
s401,TV Show,Title 401,Director 96,"Actor 318, Actor 162, Actor 253",Australia,"June 23, 2018",1997,TV-14,172 min,"Crime, Romance",A sci-fi story about challenge #401.
s402,Movie,Title 402,Director 14,"Actor 270, Actor 410, Actor 217",Germany,"June 28, 2020",2014,G,125 min,"Action, Horror",A comedy story about challenge #402.
s403,TV Show,Title 403,Director 81,"Actor 353, Actor 5, Actor 7",Brazil,"October 24, 2023",1993,TV-PG,116 min,"Documentary, Romance",A action story about challenge #403.
s404,TV Show,Title 404,Director 61,"Actor 138, Actor 242, Actor 491",Australia,"February 25, 2024",2001,TV-G,129 min,"Thriller, Sci-Fi",A documentary story about challenge #404.
s405,TV Show,Title 405,Director 72,"Actor 231, Actor 93, Actor 293",United Kingdom,"February 04, 2022",2016,R,5 Seasons,"Thriller, Crime",A sci-fi story about challenge #405.
s406,Movie,Title 406,Director 38,"Actor 410, Actor 492, Actor 379",United Kingdom,"April 10, 2022",2010,G,138 min,"Action, Crime",A crime story about challenge #406.
s407,TV Show,Title 407,Director 77,"Actor 129, Actor 288, Actor 440",Australia,"July 17, 2021",1983,TV-PG,95 min,"Drama, Thriller",A romance story about challenge #407.
s408,Movie,Title 408,Director 116,"Actor 382, Actor 172, Actor 134",South Korea,"May 06, 2023",2003,TV-MA,178 min,"Romance, Documentary",A drama story about challenge #408.
s409,Movie,Title 409,Director 90,"Actor 445, Actor 348, Actor 494",Australia,"August 14, 2022",1992,TV-MA,174 min,"Romance, Documentary",A documentary story about challenge #409.
s410,TV Show,Title 410,Director 115,"Actor 456, Actor 41, Actor 196",Australia,"September 22, 2023",1998,TV-14,3 Seasons,"Action, Documentary",A sci-fi story about challenge #410.
s411,TV Show,Title 411,Director 19,"Actor 41, Actor 83, Actor 176",Canada,"May 30, 2024",2000,TV-G,5 Seasons,"Animation, Sci-Fi",A romance story about challenge #411.
s412,TV Show,Title 412,Director 151,"Actor 267, Actor 495, Actor 231",France,"December 28, 2022",1990,PG-13,3 Seasons,"Thriller, Romance",A comedy story about challenge #412.
s413,Movie,Title 413,Director 102,"Actor 53, Actor 49, Actor 33",Germany,"May 12, 2020",2015,G,125 min,"Crime, Comedy",A comedy story about challenge #413.
s414,Movie,Title 414,Director 22,"Actor 336, Actor 477, Actor 454",France,"December 11, 2020",1999,R,111 min,"Horror, Action",A action story about challenge #414.
s415,Movie,Title 415,Director 8,"Actor 18, Actor 340, Actor 183",South Africa,"November 28, 2023",2000,TV-14,144 min,"Romance, Crime",A horror story about challenge #415.
s416,Movie,Title 416,Director 152,"Actor 306, Actor 234, Actor 324",Mexico,"July 08, 2019",2020,TV-PG,156 min,"Crime, Romance",A documentary story about challenge #416.
s417,Movie,Title 417,Director 23,"Actor 227, Actor 158, Actor 188",France,"May 27, 2023",1996,PG-13,75 min,"Crime, Action",A documentary story about challenge #417.
s418,TV Show,Title 418,Director 137,"Actor 5, Actor 353, Actor 473",Germany,"March 20, 2021",2010,TV-Y,130 min,"Romance, Thriller",A drama story about challenge #418.
s419,TV Show,Title 419,Director 49,"Actor 211, Actor 452, Actor 288",France,"February 24, 2024",2005,R,169 min,"Sci-Fi, Animation",A thriller story about challenge #419.
s420,Movie,Title 420,Director 109,"Actor 321, Actor 123, Actor 265",Turkey,"December 13, 2020",2019,TV-Y,170 min,"Crime, Romance",A sci-fi story about challenge #420.
s421,Movie,Title 421,Director 47,"Actor 70, Actor 149, Actor 57",Brazil,"February 10, 2020",2009,TV-14,154 min,"Horror, Thriller",A documentary story about challenge #421.
s422,Movie,Title 422,Director 13,"Actor 497, Actor 274, Actor 12",United Kingdom,"March 21, 2018",1986,TV-Y,166 min,"Horror, Drama",A thriller story about challenge #422.
s423,Movie,Title 423,Director 4,"Actor 253, Actor 112, Actor 176",France,"January 05, 2019",1999,TV-14,8 Seasons,"Drama, Documentary",A comedy story about challenge #423.
s424,Movie,Title 424,Director 69,"Actor 398, Actor 201, Actor 37",Spain,"August 22, 2019",2010,PG-13,107 min,"Sci-Fi, Drama",A comedy story about challenge #424.
s425,TV Show,Title 425,Director 114,"Actor 127, Actor 378, Actor 18",Canada,"October 16, 2020",2009,PG,101 min,"Horror, Sci-Fi",A romance story about challenge #425.
s426,Movie,Title 426,Director 162,"Actor 373, Actor 22, Actor 382",Spain,"August 16, 2021",2013,PG,156 min,"Romance, Thriller",A documentary story about challenge #426.
s427,Movie,Title 427,Director 29,"Actor 121, Actor 325, Actor 223",South Korea,"August 02, 2018",1980,PG-13,10 Seasons,"Comedy, Sci-Fi",A thriller story about challenge #427.
s428,Movie,Title 428,Director 149,"Actor 402, Actor 354, Actor 244",Mexico,"February 06, 2018",2018,PG-13,86 min,"Thriller, Action",A horror story about challenge #428.
s429,TV Show,Title 429,Director 161,"Actor 31, Actor 31, Actor 183",Brazil,"January 10, 2019",1989,TV-MA,3 Seasons,"Horror, Thriller",A documentary story about challenge #429.
s430,TV Show,Title 430,Director 113,"Actor 376, Actor 99, Actor 11",Mexico,"April 06, 2024",2004,TV-G,5 Seasons,"Drama, Horror",A horror story about challenge #430.
s431,TV Show,Title 431,Director 139,"Actor 357, Actor 251, Actor 98",Australia,"April 08, 2024",1991,TV-MA,168 min,"Horror, Romance",A animation story about challenge #431.
s432,Movie,Title 432,Director 18,"Actor 272, Actor 80, Actor 231",Japan,"March 21, 2024",1996,TV-MA,75 min,"Crime, Sci-Fi",A action story about challenge #432.
s433,TV Show,Title 433,Director 159,"Actor 123, Actor 165, Actor 370",India,"March 18, 2018",2022,TV-MA,4 Seasons,"Crime, Horror",A crime story about challenge #433.
s434,TV Show,Title 434,Director 83,"Actor 210, Actor 329, Actor 165",India,"September 24, 2019",1986,TV-MA,1 Seasons,"Action, Animation",A drama story about challenge #434.
s435,Movie,Title 435,Director 125,"Actor 99, Actor 51, Actor 17",Australia,"April 07, 2020",2021,TV-PG,9 Seasons,"Animation, Romance",A drama story about challenge #435.
s436,Movie,Title 436,Director 156,"Actor 368, Actor 37, Actor 7",Canada,"February 09, 2022",2021,TV-14,2 Seasons,"Horror, Drama",A documentary story about challenge #436.
s437,TV Show,Title 437,Director 95,"Actor 407, Actor 363, Actor 30",South Africa,"April 04, 2024",2019,TV-Y,168 min,"Comedy, Romance",A comedy story about challenge #437.
s438,Movie,Title 438,Director 26,"Actor 372, Actor 119, Actor 273",France,"June 03, 2020",1992,R,106 min,"Animation, Action",A crime story about challenge #438.
s439,TV Show,Title 439,Director 28,"Actor 393, Actor 327, Actor 296",South Korea,"April 05, 2024",2023,TV-14,7 Seasons,"Comedy, Action",A action story about challenge #439.
s440,TV Show,Title 440,Director 130,"Actor 173, Actor 337, Actor 81",Spain,"March 02, 2024",2018,TV-14,6 Seasons,"Crime, Documentary",A documentary story about challenge #440.
s441,TV Show,Title 441,Director 83,"Actor 312, Actor 124, Actor 289",Spain,"August 16, 2022",1993,TV-PG,5 Seasons,"Documentary, Horror",A horror story about challenge #441.
s442,Movie,Title 442,Director 9,"Actor 146, Actor 306, Actor 9",Spain,"June 15, 2022",1988,TV-Y,103 min,"Thriller, Documentary",A drama story about challenge #442.
s443,Movie,Title 443,Director 25,"Actor 20, Actor 236, Actor 183",United Kingdom,"February 04, 2021",1988,TV-Y,149 min,"Thriller, Animation",A romance story about challenge #443.
s444,Movie,Title 444,Director 147,"Actor 205, Actor 292, Actor 470",Canada,"May 15, 2021",1984,TV-G,3 Seasons,"Horror, Comedy",A animation story about challenge #444.
s445,Movie,Title 445,Director 148,"Actor 196, Actor 41, Actor 400",United States,"May 15, 2021",2001,TV-G,7 Seasons,"Sci-Fi, Comedy",A thriller story about challenge #445.
s446,Movie,Title 446,Director 163,"Actor 399, Actor 324, Actor 196",United States,"October 03, 2024",1999,TV-MA,144 min,"Animation, Action",A documentary story about challenge #446.
s447,Movie,Title 447,Director 40,"Actor 26, Actor 345, Actor 375",France,"August 20, 2023",2008,TV-MA,130 min,"Romance, Sci-Fi",A action story about challenge #447.
s448,TV Show,Title 448,Director 22,"Actor 244, Actor 293, Actor 382",United States,"June 26, 2019",2015,TV-PG,126 min,"Crime, Sci-Fi",A action story about challenge #448.
s449,TV Show,Title 449,Director 144,"Actor 102, Actor 250, Actor 203",Brazil,"July 07, 2019",2016,R,169 min,"Crime, Thriller",A thriller story about challenge #449.
s450,TV Show,Title 450,Director 111,"Actor 166, Actor 351, Actor 474",Australia,"October 21, 2018",1985,PG,7 Seasons,"Documentary, Animation",A thriller story about challenge #450.
s451,TV Show,Title 451,Director 153,"Actor 336, Actor 13, Actor 395",Japan,"August 06, 2021",1990,TV-G,8 Seasons,"Animation, Action",A horror story about challenge #451.
s452,Movie,Title 452,Director 52,"Actor 351, Actor 192, Actor 80",Turkey,"July 03, 2018",1985,PG,4 Seasons,"Animation, Action",A romance story about challenge #452.
s453,TV Show,Title 453,Director 178,"Actor 412, Actor 57, Actor 157",Germany,"February 26, 2018",2010,G,169 min,"Crime, Thriller",A thriller story about challenge #453.
s454,TV Show,Title 454,Director 141,"Actor 248, Actor 319, Actor 374",United Kingdom,"February 17, 2024",2024,G,159 min,"Crime, Drama",A romance story about challenge #454.
s455,Movie,Title 455,Director 73,"Actor 103, Actor 405, Actor 357",Australia,"November 29, 2019",1997,G,76 min,"Comedy, Sci-Fi",A romance story about challenge #455.
s456,Movie,Title 456,Director 5,"Actor 150, Actor 445, Actor 453",Brazil,"January 15, 2022",2004,R,9 Seasons,"Comedy, Documentary",A horror story about challenge #456.
s457,Movie,Title 457,Director 48,"Actor 102, Actor 257, Actor 495",Germany,"September 11, 2024",2015,G,142 min,"Romance, Documentary",A horror story about challenge #457.
s458,Movie,Title 458,Director 5,"Actor 178, Actor 351, Actor 181",South Korea,"May 31, 2022",2020,TV-Y,139 min,"Romance, Drama",A romance story about challenge #458.
s459,Movie,Title 459,Director 143,"Actor 486, Actor 144, Actor 116",United Kingdom,"May 05, 2022",2001,TV-PG,2 Seasons,"Sci-Fi, Crime",A animation story about challenge #459.
s460,TV Show,Title 460,Director 62,"Actor 294, Actor 79, Actor 219",Japan,"July 20, 2020",2018,TV-G,91 min,"Thriller, Action",A animation story about challenge #460.
s461,Movie,Title 461,Director 36,"Actor 159, Actor 353, Actor 362",Spain,"January 27, 2024",1988,TV-PG,3 Seasons,"Animation, Action",A documentary story about challenge #461.
s462,Movie,Title 462,Director 48,"Actor 163, Actor 430, Actor 451",United Kingdom,"October 05, 2018",1981,TV-G,7 Seasons,"Sci-Fi, Romance",A horror story about challenge #462.
s463,Movie,Title 463,Director 49,"Actor 55, Actor 68, Actor 95",United States,"January 26, 2021",2019,TV-Y,10 Seasons,"Thriller, Animation",A thriller story about challenge #463.
s464,TV Show,Title 464,Director 21,"Actor 353, Actor 400, Actor 245",United Kingdom,"April 17, 2018",2012,TV-14,6 Seasons,"Action, Sci-Fi",A horror story about challenge #464.
s465,Movie,Title 465,Director 42,"Actor 99, Actor 116, Actor 17",France,"April 25, 2023",1980,TV-Y,4 Seasons,"Thriller, Animation",A comedy story about challenge #465.
s466,TV Show,Title 466,Director 158,"Actor 251, Actor 353, Actor 167",South Africa,"December 27, 2019",2009,R,174 min,"Drama, Sci-Fi",A documentary story about challenge #466.
s467,Movie,Title 467,Director 134,"Actor 56, Actor 232, Actor 234",South Africa,"June 03, 2022",1982,R,125 min,"Drama, Crime",A sci-fi story about challenge #467.
s468,Movie,Title 468,Director 49,"Actor 150, Actor 226, Actor 204",Japan,"October 16, 2023",1998,TV-14,112 min,"Animation, Drama",A crime story about challenge #468.
s469,TV Show,Title 469,Director 166,"Actor 232, Actor 47, Actor 370",Spain,"August 06, 2019",1987,PG-13,9 Seasons,"Action, Sci-Fi",A sci-fi story about challenge #469.
s470,TV Show,Title 470,Director 7,"Actor 92, Actor 233, Actor 303",Mexico,"August 17, 2021",1992,TV-14,116 min,"Action, Comedy",A comedy story about challenge #470.
s471,TV Show,Title 471,Director 163,"Actor 186, Actor 44, Actor 269",Mexico,"April 13, 2019",2004,TV-MA,3 Seasons,"Sci-Fi, Crime",A sci-fi story about challenge #471.
s472,Movie,Title 472,Director 86,"Actor 290, Actor 447, Actor 338",South Africa,"June 29, 2018",1989,PG-13,3 Seasons,"Drama, Sci-Fi",A romance story about challenge #472.
s473,TV Show,Title 473,Director 74,"Actor 321, Actor 93, Actor 61",United Kingdom,"June 21, 2021",1992,G,5 Seasons,"Drama, Horror",A horror story about challenge #473.
s474,Movie,Title 474,Director 156,"Actor 452, Actor 253, Actor 122",Canada,"August 05, 2023",2017,TV-14,131 min,"Comedy, Drama",A thriller story about challenge #474.
s475,TV Show,Title 475,Director 159,"Actor 322, Actor 286, Actor 420",South Africa,"February 20, 2024",1993,G,82 min,"Documentary, Drama",A action story about challenge #475.
s476,TV Show,Title 476,Director 85,"Actor 472, Actor 45, Actor 26",India,"May 13, 2018",2006,PG-13,111 min,"Animation, Crime",A action story about challenge #476.
s477,TV Show,Title 477,Director 10,"Actor 48, Actor 394, Actor 154",South Korea,"February 09, 2023",2003,TV-PG,7 Seasons,"Crime, Comedy",A romance story about challenge #477.
s478,Movie,Title 478,Director 32,"Actor 356, Actor 441, Actor 141",South Korea,"April 13, 2023",2013,TV-PG,164 min,"Thriller, Drama",A comedy story about challenge #478.
s479,Movie,Title 479,Director 124,"Actor 371, Actor 353, Actor 310",Turkey,"May 29, 2024",1998,TV-PG,6 Seasons,"Romance, Crime",A animation story about challenge #479.
s480,Movie,Title 480,Director 158,"Actor 289, Actor 255, Actor 267",Mexico,"December 20, 2021",2020,TV-14,98 min,"Animation, Thriller",A romance story about challenge #480.
s481,Movie,Title 481,Director 31,"Actor 13, Actor 239, Actor 321",Turkey,"March 03, 2020",1987,R,7 Seasons,"Sci-Fi, Drama",A documentary story about challenge #481.
s482,Movie,Title 482,Director 3,"Actor 328, Actor 104, Actor 354",Japan,"December 03, 2021",1996,PG,139 min,"Crime, Documentary",A drama story about challenge #482.
s483,TV Show,Title 483,Director 88,"Actor 203, Actor 371, Actor 292",Australia,"April 12, 2019",1981,PG-13,118 min,"Horror, Animation",A drama story about challenge #483.
s484,TV Show,Title 484,Director 40,"Actor 322, Actor 236, Actor 457",South Africa,"July 11, 2019",2014,TV-G,179 min,"Sci-Fi, Drama",A crime story about challenge #484.
s485,TV Show,Title 485,Director 143,"Actor 275, Actor 10, Actor 107",Australia,"May 11, 2021",2023,TV-G,6 Seasons,"Comedy, Action",A romance story about challenge #485.
s486,TV Show,Title 486,Director 97,"Actor 321, Actor 274, Actor 432",United Kingdom,"May 08, 2018",2016,TV-PG,89 min,"Romance, Documentary",A drama story about challenge #486.
s487,TV Show,Title 487,Director 23,"Actor 255, Actor 450, Actor 122",South Korea,"January 17, 2021",2008,TV-Y,113 min,"Action, Comedy",A documentary story about challenge #487.
s488,Movie,Title 488,Director 24,"Actor 228, Actor 260, Actor 13",Turkey,"June 03, 2018",2010,TV-MA,118 min,"Horror, Crime",A romance story about challenge #488.
s489,Movie,Title 489,Director 26,"Actor 421, Actor 481, Actor 265",Brazil,"September 02, 2021",1988,R,8 Seasons,"Sci-Fi, Crime",A comedy story about challenge #489.
s490,TV Show,Title 490,Director 12,"Actor 352, Actor 435, Actor 305",South Africa,"January 17, 2018",1985,TV-G,80 min,"Comedy, Crime",A romance story about challenge #490.
s491,TV Show,Title 491,Director 164,"Actor 457, Actor 108, Actor 165",Canada,"April 03, 2018",1992,TV-Y,115 min,"Horror, Comedy",A romance story about challenge #491.
s492,Movie,Title 492,Director 71,"Actor 59, Actor 8, Actor 491",Australia,"September 04, 2019",2015,TV-MA,144 min,"Documentary, Crime",A documentary story about challenge #492.
s493,Movie,Title 493,Director 73,"Actor 294, Actor 126, Actor 88",India,"January 15, 2021",1999,TV-G,81 min,"Action, Drama",A horror story about challenge #493.
s494,Movie,Title 494,Director 99,"Actor 28, Actor 45, Actor 219",France,"July 26, 2018",1991,TV-14,5 Seasons,"Documentary, Thriller",A crime story about challenge #494.
s495,TV Show,Title 495,Director 146,"Actor 68, Actor 48, Actor 417",Turkey,"November 18, 2018",2024,TV-14,114 min,"Horror, Animation",A thriller story about challenge #495.
s496,Movie,Title 496,Director 158,"Actor 133, Actor 468, Actor 187",France,"July 05, 2020",1991,TV-G,6 Seasons,"Horror, Animation",A drama story about challenge #496.
s497,TV Show,Title 497,Director 29,"Actor 180, Actor 246, Actor 237",South Africa,"September 25, 2018",1990,TV-Y,10 Seasons,"Animation, Action",A crime story about challenge #497.
s498,TV Show,Title 498,Director 28,"Actor 167, Actor 285, Actor 333",India,"February 26, 2019",1999,TV-MA,150 min,"Sci-Fi, Thriller",A animation story about challenge #498.
s499,Movie,Title 499,Director 124,"Actor 197, Actor 34, Actor 175",Canada,"September 25, 2020",2024,TV-PG,7 Seasons,"Animation, Documentary",A crime story about challenge #499.
s500,Movie,Title 500,Director 170,"Actor 343, Actor 40, Actor 379",Mexico,"August 25, 2020",2016,TV-14,151 min,"Horror, Documentary",A crime story about challenge #500.
s501,TV Show,Title 501,Director 46,"Actor 158, Actor 490, Actor 208",India,"February 04, 2019",2018,PG,10 Seasons,"Sci-Fi, Documentary",A horror story about challenge #501.
s502,Movie,Title 502,Director 56,"Actor 419, Actor 72, Actor 455",Australia,"September 09, 2018",2020,G,3 Seasons,"Horror, Crime",A romance story about challenge #502.
s503,TV Show,Title 503,Director 51,"Actor 106, Actor 349, Actor 450",South Korea,"May 17, 2022",1999,TV-Y,7 Seasons,"Documentary, Comedy",A animation story about challenge #503.
s504,TV Show,Title 504,Director 33,"Actor 437, Actor 151, Actor 32",South Korea,"February 03, 2018",2015,G,146 min,"Documentary, Comedy",A romance story about challenge #504.
s505,Movie,Title 505,Director 111,"Actor 360, Actor 303, Actor 202",Brazil,"May 08, 2018",2000,TV-PG,130 min,"Crime, Thriller",A action story about challenge #505.
s506,Movie,Title 506,Director 49,"Actor 285, Actor 197, Actor 432",South Korea,"April 30, 2023",2006,PG-13,160 min,"Action, Animation",A drama story about challenge #506.
s507,Movie,Title 507,Director 37,"Actor 370, Actor 454, Actor 250",Brazil,"October 21, 2018",2007,PG-13,157 min,"Sci-Fi, Horror",A animation story about challenge #507.
s508,Movie,Title 508,Director 117,"Actor 261, Actor 218, Actor 283",South Africa,"October 10, 2022",2008,TV-PG,98 min,"Sci-Fi, Drama",A animation story about challenge #508.
s509,Movie,Title 509,Director 129,"Actor 138, Actor 211, Actor 475",Spain,"August 03, 2023",2016,TV-G,79 min,"Animation, Horror",A documentary story about challenge #509.
s510,TV Show,Title 510,Director 177,"Actor 41, Actor 73, Actor 374",Mexico,"April 09, 2019",2013,TV-Y,85 min,"Crime, Comedy",A thriller story about challenge #510.
s511,Movie,Title 511,Director 176,"Actor 325, Actor 277, Actor 409",Australia,"April 20, 2023",1999,G,9 Seasons,"Drama, Horror",A horror story about challenge #511.
s512,TV Show,Title 512,Director 147,"Actor 376, Actor 170, Actor 216",South Korea,"October 01, 2023",1998,TV-Y,163 min,"Animation, Romance",A animation story about challenge #512.
s513,Movie,Title 513,Director 162,"Actor 243, Actor 297, Actor 87",Australia,"December 02, 2020",1983,TV-Y,10 Seasons,"Drama, Romance",A horror story about challenge #513.
s514,Movie,Title 514,Director 130,"Actor 40, Actor 436, Actor 402",Japan,"December 04, 2018",1996,PG-13,5 Seasons,"Romance, Drama",A comedy story about challenge #514.
s515,Movie,Title 515,Director 152,"Actor 379, Actor 78, Actor 338",Germany,"October 09, 2024",2003,PG-13,164 min,"Thriller, Horror",A action story about challenge #515.
s516,Movie,Title 516,Director 88,"Actor 44, Actor 496, Actor 75",Australia,"December 01, 2023",1989,TV-14,7 Seasons,"Sci-Fi, Thriller",A horror story about challenge #516.
s517,Movie,Title 517,Director 148,"Actor 376, Actor 432, Actor 177",United States,"November 17, 2019",2021,TV-Y,2 Seasons,"Drama, Action",A horror story about challenge #517.
s518,TV Show,Title 518,Director 78,"Actor 244, Actor 383, Actor 486",Turkey,"June 22, 2022",2014,R,165 min,"Sci-Fi, Horror",A romance story about challenge #518.
s519,TV Show,Title 519,Director 4,"Actor 148, Actor 475, Actor 409",Germany,"August 18, 2019",2004,TV-G,1 Seasons,"Comedy, Crime",A documentary story about challenge #519.
s520,TV Show,Title 520,Director 86,"Actor 139, Actor 137, Actor 411",India,"November 04, 2022",1996,TV-PG,161 min,"Thriller, Animation",A crime story about challenge #520.
s521,Movie,Title 521,Director 81,"Actor 281, Actor 6, Actor 345",United States,"October 14, 2021",1984,G,142 min,"Comedy, Horror",A documentary story about challenge #521.
s522,TV Show,Title 522,Director 65,"Actor 99, Actor 18, Actor 13",Australia,"June 17, 2020",1985,G,4 Seasons,"Animation, Comedy",A comedy story about challenge #522.
s523,Movie,Title 523,Director 97,"Actor 337, Actor 392, Actor 461",Brazil,"December 20, 2018",2016,PG-13,3 Seasons,"Romance, Animation",A horror story about challenge #523.
s524,TV Show,Title 524,Director 71,"Actor 394, Actor 219, Actor 355",Brazil,"November 07, 2018",2000,TV-Y,84 min,"Romance, Drama",A sci-fi story about challenge #524.
s525,TV Show,Title 525,Director 16,"Actor 133, Actor 490, Actor 417",Japan,"May 11, 2022",1991,TV-14,100 min,"Animation, Sci-Fi",A action story about challenge #525.
s526,Movie,Title 526,Director 37,"Actor 277, Actor 394, Actor 221",Canada,"July 09, 2023",2019,PG,5 Seasons,"Comedy, Drama",A comedy story about challenge #526.
s527,TV Show,Title 527,Director 115,"Actor 10, Actor 460, Actor 255",United Kingdom,"October 16, 2018",2021,G,7 Seasons,"Romance, Action",A documentary story about challenge #527.
s528,Movie,Title 528,Director 132,"Actor 363, Actor 482, Actor 395",Germany,"May 22, 2022",2010,TV-PG,168 min,"Comedy, Crime",A thriller story about challenge #528.
s529,TV Show,Title 529,Director 177,"Actor 419, Actor 400, Actor 247",India,"January 14, 2018",2016,TV-MA,6 Seasons,"Documentary, Romance",A sci-fi story about challenge #529.
s530,Movie,Title 530,Director 94,"Actor 274, Actor 437, Actor 492",South Korea,"August 15, 2018",1985,TV-14,5 Seasons,"Thriller, Action",A crime story about challenge #530.
s531,TV Show,Title 531,Director 170,"Actor 98, Actor 154, Actor 357",France,"June 11, 2018",1986,TV-G,155 min,"Horror, Thriller",A action story about challenge #531.
s532,Movie,Title 532,Director 7,"Actor 369, Actor 304, Actor 123",Germany,"May 27, 2018",2004,PG,5 Seasons,"Horror, Crime",A horror story about challenge #532.
s533,Movie,Title 533,Director 87,"Actor 29, Actor 173, Actor 404",Mexico,"March 09, 2018",1982,TV-PG,178 min,"Crime, Horror",A crime story about challenge #533.
s534,Movie,Title 534,Director 19,"Actor 19, Actor 377, Actor 73",Germany,"September 03, 2019",2021,G,154 min,"Drama, Thriller",A action story about challenge #534.
s535,Movie,Title 535,Director 162,"Actor 26, Actor 464, Actor 158",South Africa,"February 28, 2018",1986,TV-14,10 Seasons,"Comedy, Animation",A comedy story about challenge #535.
s536,Movie,Title 536,Director 17,"Actor 412, Actor 104, Actor 219",South Korea,"July 30, 2023",2023,TV-PG,162 min,"Animation, Crime",A action story about challenge #536.
s537,Movie,Title 537,Director 12,"Actor 304, Actor 89, Actor 172",India,"August 10, 2021",1987,TV-Y,128 min,"Action, Documentary",A crime story about challenge #537.
s538,TV Show,Title 538,Director 63,"Actor 474, Actor 298, Actor 21",United Kingdom,"November 07, 2019",1986,TV-PG,1 Seasons,"Horror, Comedy",A drama story about challenge #538.
s539,Movie,Title 539,Director 23,"Actor 362, Actor 334, Actor 304",Japan,"January 30, 2018",2006,TV-14,4 Seasons,"Action, Romance",A crime story about challenge #539.
s540,TV Show,Title 540,Director 62,"Actor 481, Actor 90, Actor 313",Mexico,"January 19, 2023",1982,PG-13,10 Seasons,"Comedy, Romance",A documentary story about challenge #540.
s541,Movie,Title 541,Director 143,"Actor 121, Actor 99, Actor 61",Spain,"September 12, 2022",1986,TV-G,9 Seasons,"Crime, Thriller",A horror story about challenge #541.
s542,TV Show,Title 542,Director 14,"Actor 100, Actor 58, Actor 408",United Kingdom,"May 02, 2020",2023,TV-14,95 min,"Drama, Animation",A documentary story about challenge #542.
s543,Movie,Title 543,Director 112,"Actor 129, Actor 172, Actor 316",Turkey,"March 13, 2021",2009,G,81 min,"Crime, Action",A action story about challenge #543.
s544,TV Show,Title 544,Director 132,"Actor 60, Actor 37, Actor 459",Canada,"April 30, 2018",2008,TV-G,170 min,"Documentary, Thriller",A comedy story about challenge #544.
s545,Movie,Title 545,Director 26,"Actor 122, Actor 378, Actor 212",South Africa,"August 28, 2021",1992,TV-PG,2 Seasons,"Horror, Animation",A drama story about challenge #545.
s546,Movie,Title 546,Director 56,"Actor 476, Actor 313, Actor 233",United Kingdom,"November 21, 2022",2004,TV-G,167 min,"Thriller, Documentary",A romance story about challenge #546.
s547,TV Show,Title 547,Director 33,"Actor 17, Actor 355, Actor 292",United States,"April 08, 2020",1997,PG-13,134 min,"Horror, Sci-Fi",A action story about challenge #547.
s548,Movie,Title 548,Director 76,"Actor 310, Actor 81, Actor 405",Turkey,"November 08, 2021",2020,PG-13,145 min,"Thriller, Comedy",A sci-fi story about challenge #548.
s549,TV Show,Title 549,Director 56,"Actor 303, Actor 243, Actor 429",Germany,"November 08, 2023",1997,G,4 Seasons,"Thriller, Documentary",A sci-fi story about challenge #549.
s550,Movie,Title 550,Director 152,"Actor 485, Actor 77, Actor 468",Australia,"July 01, 2024",1980,TV-PG,1 Seasons,"Horror, Crime",A drama story about challenge #550.
s551,TV Show,Title 551,Director 123,"Actor 415, Actor 409, Actor 357",South Africa,"October 10, 2022",1986,TV-14,85 min,"Crime, Drama",A sci-fi story about challenge #551.
s552,Movie,Title 552,Director 92,"Actor 152, Actor 123, Actor 332",India,"June 11, 2020",1981,TV-14,3 Seasons,"Horror, Drama",A horror story about challenge #552.
s553,Movie,Title 553,Director 104,"Actor 95, Actor 405, Actor 447",South Korea,"March 15, 2023",2020,TV-14,1 Seasons,"Comedy, Sci-Fi",A documentary story about challenge #553.
s554,Movie,Title 554,Director 76,"Actor 219, Actor 386, Actor 139",Mexico,"December 15, 2023",2019,TV-MA,101 min,"Comedy, Documentary",A drama story about challenge #554.
s555,TV Show,Title 555,Director 14,"Actor 57, Actor 197, Actor 188",Germany,"October 10, 2023",2019,G,97 min,"Crime, Comedy",A crime story about challenge #555.
s556,Movie,Title 556,Director 86,"Actor 123, Actor 277, Actor 59",Brazil,"April 18, 2020",2010,R,4 Seasons,"Documentary, Animation",A romance story about challenge #556.
s557,TV Show,Title 557,Director 71,"Actor 28, Actor 33, Actor 191",South Korea,"August 25, 2023",2008,TV-14,90 min,"Horror, Crime",A crime story about challenge #557.
s558,TV Show,Title 558,Director 159,"Actor 189, Actor 410, Actor 345",Mexico,"April 12, 2021",1984,R,8 Seasons,"Comedy, Animation",A sci-fi story about challenge #558.
s559,TV Show,Title 559,Director 20,"Actor 56, Actor 85, Actor 142",India,"January 03, 2020",2024,PG-13,101 min,"Crime, Drama",A romance story about challenge #559.
s560,Movie,Title 560,Director 122,"Actor 178, Actor 216, Actor 228",Mexico,"September 03, 2022",2021,G,83 min,"Drama, Thriller",A crime story about challenge #560.
s561,TV Show,Title 561,Director 149,"Actor 176, Actor 336, Actor 331",Turkey,"October 07, 2021",2000,TV-14,164 min,"Crime, Animation",A horror story about challenge #561.
s562,TV Show,Title 562,Director 146,"Actor 68, Actor 460, Actor 405",Japan,"February 19, 2023",1990,TV-Y,122 min,"Romance, Drama",A action story about challenge #562.
s563,TV Show,Title 563,Director 117,"Actor 490, Actor 86, Actor 317",United Kingdom,"December 17, 2021",2014,TV-Y,97 min,"Action, Animation",A thriller story about challenge #563.
s564,Movie,Title 564,Director 82,"Actor 295, Actor 65, Actor 226",Japan,"April 24, 2019",2003,PG-13,165 min,"Drama, Documentary",A documentary story about challenge #564.
s565,TV Show,Title 565,Director 115,"Actor 277, Actor 500, Actor 84",Spain,"August 29, 2019",1999,PG,7 Seasons,"Horror, Action",A horror story about challenge #565.
s566,Movie,Title 566,Director 2,"Actor 497, Actor 379, Actor 280",Spain,"August 04, 2021",2001,TV-Y,112 min,"Animation, Action",A animation story about challenge #566.
s567,TV Show,Title 567,Director 177,"Actor 58, Actor 375, Actor 246",United States,"December 16, 2022",1988,TV-MA,78 min,"Sci-Fi, Thriller",A horror story about challenge #567.
s568,Movie,Title 568,Director 84,"Actor 29, Actor 312, Actor 329",Canada,"January 03, 2022",2017,TV-MA,173 min,"Romance, Thriller",A drama story about challenge #568.
s569,TV Show,Title 569,Director 174,"Actor 344, Actor 491, Actor 45",Spain,"December 09, 2018",2005,R,152 min,"Animation, Crime",A drama story about challenge #569.
s570,TV Show,Title 570,Director 38,"Actor 367, Actor 438, Actor 219",South Korea,"January 18, 2022",2004,TV-G,119 min,"Documentary, Romance",A horror story about challenge #570.
s571,Movie,Title 571,Director 56,"Actor 373, Actor 455, Actor 228",Mexico,"April 16, 2024",2006,TV-14,178 min,"Sci-Fi, Animation",A action story about challenge #571.
s572,Movie,Title 572,Director 37,"Actor 107, Actor 156, Actor 244",South Africa,"August 02, 2024",2013,TV-G,150 min,"Sci-Fi, Comedy",A drama story about challenge #572.
s573,TV Show,Title 573,Director 107,"Actor 90, Actor 285, Actor 237",Mexico,"August 05, 2022",2016,PG-13,123 min,"Romance, Crime",A horror story about challenge #573.
s574,TV Show,Title 574,Director 150,"Actor 156, Actor 253, Actor 287",Mexico,"June 22, 2018",2009,R,75 min,"Action, Romance",A romance story about challenge #574.
s575,Movie,Title 575,Director 168,"Actor 341, Actor 458, Actor 148",France,"April 20, 2023",1991,TV-14,4 Seasons,"Drama, Comedy",A romance story about challenge #575.
s576,Movie,Title 576,Director 154,"Actor 382, Actor 186, Actor 298",Germany,"July 13, 2023",2016,TV-PG,8 Seasons,"Comedy, Documentary",A crime story about challenge #576.
s577,Movie,Title 577,Director 67,"Actor 84, Actor 298, Actor 30",United Kingdom,"June 14, 2024",2000,TV-14,3 Seasons,"Documentary, Action",A drama story about challenge #577.
s578,TV Show,Title 578,Director 108,"Actor 326, Actor 467, Actor 490",South Korea,"January 21, 2021",1983,TV-Y,156 min,"Comedy, Crime",A thriller story about challenge #578.
s579,Movie,Title 579,Director 154,"Actor 386, Actor 86, Actor 279",South Korea,"January 21, 2020",2000,TV-Y,164 min,"Documentary, Comedy",A crime story about challenge #579.
s580,TV Show,Title 580,Director 37,"Actor 7, Actor 71, Actor 266",Japan,"July 03, 2024",2003,TV-14,95 min,"Comedy, Thriller",A action story about challenge #580.
s581,Movie,Title 581,Director 49,"Actor 408, Actor 460, Actor 287",Australia,"August 24, 2023",2024,TV-MA,9 Seasons,"Comedy, Sci-Fi",A horror story about challenge #581.
s582,Movie,Title 582,Director 34,"Actor 473, Actor 9, Actor 246",South Korea,"November 09, 2018",1999,TV-G,131 min,"Animation, Crime",A documentary story about challenge #582.
s583,TV Show,Title 583,Director 8,"Actor 382, Actor 418, Actor 61",Canada,"December 07, 2019",1988,PG-13,5 Seasons,"Action, Thriller",A action story about challenge #583.
s584,TV Show,Title 584,Director 177,"Actor 391, Actor 402, Actor 58",India,"November 18, 2018",1981,TV-14,1 Seasons,"Thriller, Comedy",A drama story about challenge #584.
s585,Movie,Title 585,Director 121,"Actor 61, Actor 466, Actor 130",United States,"October 05, 2023",1984,TV-Y,2 Seasons,"Comedy, Thriller",A animation story about challenge #585.
s586,Movie,Title 586,Director 172,"Actor 180, Actor 15, Actor 47",United Kingdom,"March 30, 2020",1997,TV-G,139 min,"Animation, Thriller",A crime story about challenge #586.
s587,Movie,Title 587,Director 26,"Actor 420, Actor 297, Actor 391",United States,"May 24, 2024",2013,R,5 Seasons,"Action, Crime",A drama story about challenge #587.
s588,Movie,Title 588,Director 130,"Actor 436, Actor 363, Actor 244",South Korea,"February 09, 2019",2024,PG-13,88 min,"Action, Documentary",A sci-fi story about challenge #588.
s589,Movie,Title 589,Director 132,"Actor 117, Actor 209, Actor 58",Turkey,"October 04, 2022",2000,PG,141 min,"Action, Horror",A documentary story about challenge #589.
s590,Movie,Title 590,Director 22,"Actor 168, Actor 253, Actor 60",France,"March 26, 2021",1998,TV-14,5 Seasons,"Horror, Thriller",A crime story about challenge #590.
s591,TV Show,Title 591,Director 110,"Actor 97, Actor 439, Actor 36",South Africa,"July 27, 2022",2010,TV-G,161 min,"Horror, Comedy",A sci-fi story about challenge #591.
s592,Movie,Title 592,Director 31,"Actor 74, Actor 203, Actor 206",Mexico,"November 30, 2022",2017,PG,3 Seasons,"Comedy, Documentary",A thriller story about challenge #592.
s593,Movie,Title 593,Director 153,"Actor 433, Actor 207, Actor 63",Canada,"October 19, 2021",2007,TV-14,166 min,"Animation, Romance",A sci-fi story about challenge #593.
s594,TV Show,Title 594,Director 171,"Actor 309, Actor 487, Actor 208",Germany,"December 29, 2021",2012,TV-Y,133 min,"Comedy, Animation",A romance story about challenge #594.
s595,TV Show,Title 595,Director 60,"Actor 322, Actor 483, Actor 69",United States,"June 28, 2023",1986,G,8 Seasons,"Drama, Action",A sci-fi story about challenge #595.
s596,TV Show,Title 596,Director 40,"Actor 156, Actor 319, Actor 320",India,"October 12, 2024",1984,TV-MA,8 Seasons,"Thriller, Romance",A horror story about challenge #596.
s597,TV Show,Title 597,Director 139,"Actor 176, Actor 415, Actor 441",Spain,"July 02, 2023",2014,G,1 Seasons,"Sci-Fi, Comedy",A sci-fi story about challenge #597.
s598,TV Show,Title 598,Director 97,"Actor 227, Actor 236, Actor 19",United States,"January 18, 2023",1991,TV-MA,5 Seasons,"Action, Horror",A sci-fi story about challenge #598.
s599,TV Show,Title 599,Director 100,"Actor 250, Actor 392, Actor 57",Australia,"July 05, 2019",2023,TV-14,9 Seasons,"Animation, Horror",A horror story about challenge #599.
s600,Movie,Title 600,Director 130,"Actor 29, Actor 201, Actor 135",Germany,"April 21, 2024",2017,TV-PG,6 Seasons,"Romance, Documentary",A drama story about challenge #600.
s601,Movie,Title 601,Director 33,"Actor 429, Actor 188, Actor 179",Turkey,"April 26, 2018",2017,G,6 Seasons,"Sci-Fi, Comedy",A sci-fi story about challenge #601.
s602,TV Show,Title 602,Director 106,"Actor 180, Actor 29, Actor 339",Canada,"November 14, 2021",1995,R,10 Seasons,"Comedy, Animation",A romance story about challenge #602.
s603,TV Show,Title 603,Director 44,"Actor 11, Actor 276, Actor 167",United States,"April 14, 2019",2009,TV-PG,128 min,"Romance, Drama",A horror story about challenge #603.
s604,Movie,Title 604,Director 82,"Actor 194, Actor 293, Actor 200",South Korea,"August 05, 2024",2016,PG,2 Seasons,"Thriller, Documentary",A horror story about challenge #604.
s605,TV Show,Title 605,Director 43,"Actor 315, Actor 154, Actor 187",France,"August 22, 2023",1992,TV-14,2 Seasons,"Crime, Thriller",A romance story about challenge #605.
s606,Movie,Title 606,Director 77,"Actor 294, Actor 206, Actor 412",Canada,"December 22, 2020",2019,PG,10 Seasons,"Comedy, Documentary",A romance story about challenge #606.
s607,TV Show,Title 607,Director 110,"Actor 108, Actor 178, Actor 408",India,"October 03, 2018",2021,TV-Y,113 min,"Sci-Fi, Crime",A documentary story about challenge #607.
s608,TV Show,Title 608,Director 103,"Actor 129, Actor 320, Actor 264",Germany,"March 30, 2020",2022,TV-MA,77 min,"Crime, Action",A animation story about challenge #608.
s609,Movie,Title 609,Director 170,"Actor 493, Actor 422, Actor 381",Germany,"August 07, 2023",1997,TV-MA,7 Seasons,"Animation, Drama",A crime story about challenge #609.
s610,TV Show,Title 610,Director 119,"Actor 76, Actor 124, Actor 78",Mexico,"April 01, 2020",2023,TV-Y,7 Seasons,"Documentary, Comedy",A thriller story about challenge #610.
s611,TV Show,Title 611,Director 74,"Actor 331, Actor 83, Actor 132",Brazil,"August 17, 2022",2018,R,89 min,"Action, Thriller",A drama story about challenge #611.
s612,TV Show,Title 612,Director 119,"Actor 249, Actor 287, Actor 224",France,"October 02, 2020",2021,G,109 min,"Action, Drama",A romance story about challenge #612.
s613,Movie,Title 613,Director 165,"Actor 437, Actor 22, Actor 494",Mexico,"February 11, 2021",2011,G,85 min,"Documentary, Romance",A comedy story about challenge #613.
s614,TV Show,Title 614,Director 172,"Actor 337, Actor 454, Actor 47",France,"July 26, 2022",1988,R,169 min,"Crime, Comedy",A crime story about challenge #614.
s615,TV Show,Title 615,Director 128,"Actor 453, Actor 47, Actor 122",Australia,"July 05, 2024",1987,TV-G,149 min,"Sci-Fi, Thriller",A sci-fi story about challenge #615.
s616,Movie,Title 616,Director 28,"Actor 90, Actor 110, Actor 497",Japan,"June 11, 2020",2008,TV-PG,150 min,"Drama, Horror",A crime story about challenge #616.
s617,Movie,Title 617,Director 82,"Actor 280, Actor 217, Actor 244",Brazil,"March 15, 2022",1995,TV-Y,3 Seasons,"Documentary, Horror",A documentary story about challenge #617.
s618,Movie,Title 618,Director 166,"Actor 496, Actor 464, Actor 311",United States,"June 16, 2021",2022,G,4 Seasons,"Romance, Crime",A sci-fi story about challenge #618.
s619,TV Show,Title 619,Director 176,"Actor 63, Actor 274, Actor 444",Canada,"June 20, 2021",2008,TV-PG,125 min,"Romance, Animation",A comedy story about challenge #619.
s620,TV Show,Title 620,Director 54,"Actor 441, Actor 456, Actor 83",Germany,"August 22, 2020",2020,TV-G,7 Seasons,"Drama, Romance",A comedy story about challenge #620.
s621,TV Show,Title 621,Director 106,"Actor 475, Actor 431, Actor 171",Mexico,"July 07, 2023",2007,PG,5 Seasons,"Crime, Comedy",A documentary story about challenge #621.
s622,TV Show,Title 622,Director 117,"Actor 356, Actor 15, Actor 391",United States,"September 20, 2022",2021,PG-13,3 Seasons,"Drama, Sci-Fi",A thriller story about challenge #622.
s623,TV Show,Title 623,Director 148,"Actor 43, Actor 57, Actor 81",Canada,"June 05, 2021",2013,PG-13,7 Seasons,"Documentary, Horror",A horror story about challenge #623.
s624,TV Show,Title 624,Director 45,"Actor 352, Actor 304, Actor 424",South Korea,"July 01, 2019",1998,R,122 min,"Action, Sci-Fi",A sci-fi story about challenge #624.
s625,Movie,Title 625,Director 6,"Actor 486, Actor 12, Actor 473",Spain,"May 25, 2024",2021,R,8 Seasons,"Thriller, Romance",A action story about challenge #625.
s626,TV Show,Title 626,Director 159,"Actor 220, Actor 308, Actor 134",United Kingdom,"July 23, 2018",1985,TV-G,147 min,"Comedy, Drama",A crime story about challenge #626.
s627,TV Show,Title 627,Director 173,"Actor 254, Actor 61, Actor 115",Mexico,"November 18, 2022",1993,R,5 Seasons,"Romance, Horror",A sci-fi story about challenge #627.
s628,TV Show,Title 628,Director 53,"Actor 308, Actor 111, Actor 422",Japan,"June 18, 2019",2023,R,127 min,"Action, Drama",A romance story about challenge #628.
s629,Movie,Title 629,Director 159,"Actor 231, Actor 465, Actor 128",South Korea,"December 08, 2020",2017,TV-14,135 min,"Action, Documentary",A sci-fi story about challenge #629.
s630,TV Show,Title 630,Director 109,"Actor 377, Actor 306, Actor 132",India,"May 19, 2020",1986,TV-MA,117 min,"Thriller, Horror",A documentary story about challenge #630.
s631,Movie,Title 631,Director 2,"Actor 130, Actor 259, Actor 318",France,"October 19, 2024",1999,TV-PG,3 Seasons,"Crime, Drama",A animation story about challenge #631.
s632,TV Show,Title 632,Director 44,"Actor 258, Actor 253, Actor 477",South Korea,"January 05, 2020",2009,PG-13,165 min,"Crime, Sci-Fi",A action story about challenge #632.
s633,Movie,Title 633,Director 81,"Actor 23, Actor 66, Actor 256",South Africa,"December 02, 2020",1997,TV-G,5 Seasons,"Romance, Animation",A crime story about challenge #633.
s634,TV Show,Title 634,Director 43,"Actor 162, Actor 378, Actor 252",Turkey,"July 06, 2021",1989,TV-MA,8 Seasons,"Drama, Thriller",A action story about challenge #634.
s635,Movie,Title 635,Director 47,"Actor 19, Actor 241, Actor 134",United Kingdom,"August 12, 2018",2009,TV-PG,138 min,"Drama, Horror",A documentary story about challenge #635.
s636,TV Show,Title 636,Director 118,"Actor 253, Actor 58, Actor 434",Mexico,"April 16, 2024",1989,PG,101 min,"Romance, Action",A action story about challenge #636.
s637,TV Show,Title 637,Director 145,"Actor 457, Actor 340, Actor 300",Canada,"September 15, 2023",2017,G,148 min,"Action, Sci-Fi",A comedy story about challenge #637.
s638,TV Show,Title 638,Director 174,"Actor 49, Actor 455, Actor 169",United States,"October 05, 2020",1998,PG,150 min,"Comedy, Documentary",A action story about challenge #638.
s639,Movie,Title 639,Director 118,"Actor 426, Actor 363, Actor 338",Germany,"April 29, 2018",2009,TV-Y,75 min,"Documentary, Drama",A animation story about challenge #639.
s640,TV Show,Title 640,Director 146,"Actor 67, Actor 109, Actor 442",United States,"January 30, 2023",2021,TV-Y,82 min,"Comedy, Crime",A animation story about challenge #640.
s641,Movie,Title 641,Director 103,"Actor 131, Actor 92, Actor 123",Turkey,"April 12, 2022",2005,PG,101 min,"Action, Sci-Fi",A sci-fi story about challenge #641.
s642,Movie,Title 642,Director 31,"Actor 153, Actor 252, Actor 411",France,"March 13, 2021",1999,PG-13,87 min,"Documentary, Crime",A thriller story about challenge #642.
s643,TV Show,Title 643,Director 100,"Actor 244, Actor 138, Actor 289",Australia,"June 29, 2023",2007,PG,6 Seasons,"Animation, Action",A sci-fi story about challenge #643.
s644,Movie,Title 644,Director 11,"Actor 263, Actor 175, Actor 499",Germany,"October 11, 2022",2023,R,3 Seasons,"Horror, Crime",A crime story about challenge #644.
s645,TV Show,Title 645,Director 120,"Actor 224, Actor 41, Actor 465",Turkey,"December 10, 2018",2010,TV-Y,91 min,"Romance, Thriller",A crime story about challenge #645.
s646,TV Show,Title 646,Director 146,"Actor 25, Actor 283, Actor 40",United States,"October 18, 2022",2012,PG,127 min,"Comedy, Horror",A animation story about challenge #646.
s647,TV Show,Title 647,Director 66,"Actor 300, Actor 42, Actor 394",Spain,"November 03, 2020",1981,PG,8 Seasons,"Action, Animation",A sci-fi story about challenge #647.
s648,Movie,Title 648,Director 107,"Actor 449, Actor 361, Actor 153",South Korea,"July 05, 2018",2017,TV-14,8 Seasons,"Animation, Romance",A documentary story about challenge #648.
s649,Movie,Title 649,Director 48,"Actor 41, Actor 383, Actor 310",Japan,"February 06, 2020",2023,PG,77 min,"Drama, Sci-Fi",A comedy story about challenge #649.
s650,Movie,Title 650,Director 168,"Actor 245, Actor 236, Actor 355",France,"February 24, 2018",2022,TV-14,179 min,"Animation, Documentary",A sci-fi story about challenge #650.
s651,Movie,Title 651,Director 33,"Actor 70, Actor 8, Actor 98",India,"May 24, 2021",1981,R,4 Seasons,"Horror, Action",A thriller story about challenge #651.
s652,Movie,Title 652,Director 23,"Actor 155, Actor 395, Actor 238",United Kingdom,"November 20, 2022",2010,TV-PG,96 min,"Action, Horror",A horror story about challenge #652.
s653,Movie,Title 653,Director 116,"Actor 300, Actor 125, Actor 104",Japan,"April 16, 2023",2016,TV-PG,76 min,"Comedy, Sci-Fi",A sci-fi story about challenge #653.
s654,TV Show,Title 654,Director 10,"Actor 250, Actor 205, Actor 249",Spain,"July 24, 2023",2017,TV-14,82 min,"Crime, Drama",A sci-fi story about challenge #654.
s655,TV Show,Title 655,Director 142,"Actor 33, Actor 138, Actor 458",Brazil,"June 18, 2024",2006,TV-14,154 min,"Documentary, Horror",A sci-fi story about challenge #655.
s656,Movie,Title 656,Director 74,"Actor 372, Actor 99, Actor 241",South Korea,"March 27, 2018",2008,R,150 min,"Documentary, Horror",A action story about challenge #656.
s657,TV Show,Title 657,Director 107,"Actor 427, Actor 482, Actor 345",Brazil,"April 16, 2021",2003,TV-14,3 Seasons,"Animation, Thriller",A romance story about challenge #657.
s658,TV Show,Title 658,Director 34,"Actor 89, Actor 103, Actor 81",Australia,"December 20, 2018",2011,PG,8 Seasons,"Romance, Thriller",A thriller story about challenge #658.
s659,Movie,Title 659,Director 5,"Actor 184, Actor 452, Actor 134",South Korea,"March 30, 2024",2023,PG-13,139 min,"Drama, Comedy",A documentary story about challenge #659.
s660,Movie,Title 660,Director 159,"Actor 117, Actor 62, Actor 288",Canada,"October 30, 2022",2011,TV-Y,6 Seasons,"Drama, Crime",A romance story about challenge #660.
s661,Movie,Title 661,Director 13,"Actor 475, Actor 485, Actor 225",Turkey,"September 12, 2019",2009,PG,10 Seasons,"Animation, Comedy",A crime story about challenge #661.
s662,Movie,Title 662,Director 43,"Actor 323, Actor 61, Actor 446",Canada,"June 21, 2018",2003,PG-13,8 Seasons,"Crime, Horror",A comedy story about challenge #662.
s663,TV Show,Title 663,Director 86,"Actor 420, Actor 71, Actor 63",South Africa,"September 24, 2019",1992,TV-14,1 Seasons,"Thriller, Horror",A documentary story about challenge #663.
s664,Movie,Title 664,Director 22,"Actor 137, Actor 191, Actor 367",Turkey,"March 20, 2021",2006,TV-G,4 Seasons,"Action, Crime",A sci-fi story about challenge #664.
s665,Movie,Title 665,Director 110,"Actor 212, Actor 471, Actor 210",Germany,"July 23, 2020",2013,TV-G,8 Seasons,"Action, Drama",A crime story about challenge #665.
s666,Movie,Title 666,Director 87,"Actor 162, Actor 206, Actor 396",United Kingdom,"October 13, 2018",2007,G,79 min,"Action, Drama",A crime story about challenge #666.
s667,TV Show,Title 667,Director 103,"Actor 454, Actor 349, Actor 359",Spain,"April 26, 2021",1999,TV-G,1 Seasons,"Romance, Crime",A animation story about challenge #667.
s668,TV Show,Title 668,Director 115,"Actor 330, Actor 106, Actor 455",Spain,"August 25, 2019",2019,TV-14,7 Seasons,"Thriller, Romance",A comedy story about challenge #668.
s669,TV Show,Title 669,Director 100,"Actor 372, Actor 369, Actor 379",United Kingdom,"June 01, 2018",2013,TV-MA,86 min,"Crime, Animation",A romance story about challenge #669.
s670,TV Show,Title 670,Director 163,"Actor 82, Actor 12, Actor 15",Turkey,"November 06, 2023",2014,TV-Y,174 min,"Romance, Sci-Fi",A crime story about challenge #670.
s671,Movie,Title 671,Director 96,"Actor 133, Actor 322, Actor 260",South Korea,"March 29, 2019",1987,G,2 Seasons,"Horror, Romance",A animation story about challenge #671.
s672,TV Show,Title 672,Director 87,"Actor 121, Actor 413, Actor 382",Australia,"January 22, 2018",2016,TV-MA,4 Seasons,"Documentary, Romance",A romance story about challenge #672.
s673,Movie,Title 673,Director 97,"Actor 267, Actor 378, Actor 127",India,"June 04, 2024",2000,TV-MA,180 min,"Documentary, Horror",A comedy story about challenge #673.
s674,TV Show,Title 674,Director 106,"Actor 42, Actor 48, Actor 32",France,"August 24, 2019",1988,TV-14,84 min,"Documentary, Crime",A sci-fi story about challenge #674.
s675,TV Show,Title 675,Director 68,"Actor 300, Actor 256, Actor 326",France,"August 06, 2024",2008,TV-14,7 Seasons,"Action, Animation",A crime story about challenge #675.
s676,TV Show,Title 676,Director 118,"Actor 67, Actor 496, Actor 361",Spain,"June 05, 2019",2013,PG,8 Seasons,"Horror, Drama",A action story about challenge #676.
s677,TV Show,Title 677,Director 31,"Actor 309, Actor 437, Actor 210",India,"April 08, 2024",1987,TV-G,80 min,"Crime, Action",A comedy story about challenge #677.
s678,TV Show,Title 678,Director 96,"Actor 156, Actor 151, Actor 249",United States,"March 02, 2022",1989,PG-13,7 Seasons,"Drama, Romance",A romance story about challenge #678.
s679,Movie,Title 679,Director 126,"Actor 2, Actor 63, Actor 281",South Korea,"June 02, 2020",1984,G,148 min,"Romance, Horror",A documentary story about challenge #679.
s680,TV Show,Title 680,Director 156,"Actor 68, Actor 391, Actor 71",Spain,"March 26, 2022",2020,TV-14,8 Seasons,"Action, Documentary",A comedy story about challenge #680.
s681,TV Show,Title 681,Director 60,"Actor 461, Actor 203, Actor 174",Spain,"August 05, 2022",1982,TV-14,2 Seasons,"Action, Drama",A animation story about challenge #681.
s682,Movie,Title 682,Director 165,"Actor 287, Actor 44, Actor 99",Australia,"June 19, 2021",2014,G,9 Seasons,"Thriller, Horror",A crime story about challenge #682.
s683,Movie,Title 683,Director 169,"Actor 480, Actor 273, Actor 93",United States,"March 18, 2018",1997,R,165 min,"Animation, Horror",A comedy story about challenge #683.
s684,TV Show,Title 684,Director 103,"Actor 302, Actor 24, Actor 252",South Africa,"December 26, 2023",1981,TV-G,128 min,"Drama, Crime",A documentary story about challenge #684.
s685,TV Show,Title 685,Director 24,"Actor 59, Actor 51, Actor 278",United Kingdom,"April 14, 2022",1998,PG-13,173 min,"Comedy, Action",A romance story about challenge #685.
s686,Movie,Title 686,Director 16,"Actor 315, Actor 493, Actor 167",United Kingdom,"July 27, 2022",1981,G,87 min,"Documentary, Action",A sci-fi story about challenge #686.
s687,TV Show,Title 687,Director 97,"Actor 483, Actor 424, Actor 461",India,"August 20, 2021",1983,R,151 min,"Animation, Thriller",A horror story about challenge #687.
s688,TV Show,Title 688,Director 30,"Actor 138, Actor 32, Actor 163",Germany,"September 15, 2023",2015,TV-PG,78 min,"Sci-Fi, Thriller",A drama story about challenge #688.
s689,Movie,Title 689,Director 64,"Actor 391, Actor 285, Actor 334",Turkey,"January 07, 2021",1988,TV-Y,132 min,"Comedy, Crime",A thriller story about challenge #689.
s690,TV Show,Title 690,Director 139,"Actor 87, Actor 401, Actor 126",Spain,"August 07, 2019",2007,TV-MA,75 min,"Horror, Romance",A action story about challenge #690.
s691,Movie,Title 691,Director 124,"Actor 140, Actor 307, Actor 129",South Africa,"January 03, 2018",2023,TV-PG,4 Seasons,"Animation, Crime",A romance story about challenge #691.
s692,Movie,Title 692,Director 137,"Actor 289, Actor 36, Actor 154",India,"July 06, 2018",2005,PG,9 Seasons,"Romance, Sci-Fi",A thriller story about challenge #692.
s693,TV Show,Title 693,Director 175,"Actor 485, Actor 176, Actor 326",Japan,"November 05, 2024",2008,TV-Y,116 min,"Documentary, Thriller",A horror story about challenge #693.
s694,TV Show,Title 694,Director 5,"Actor 468, Actor 355, Actor 69",Brazil,"September 21, 2024",1980,TV-14,76 min,"Action, Sci-Fi",A crime story about challenge #694.
s695,TV Show,Title 695,Director 138,"Actor 42, Actor 404, Actor 449",Brazil,"June 26, 2023",2021,PG,179 min,"Horror, Comedy",A documentary story about challenge #695.
s696,TV Show,Title 696,Director 100,"Actor 91, Actor 430, Actor 394",Turkey,"March 22, 2022",2024,G,122 min,"Thriller, Horror",A drama story about challenge #696.
s697,Movie,Title 697,Director 72,"Actor 349, Actor 472, Actor 364",South Korea,"June 26, 2020",1992,PG,5 Seasons,"Thriller, Animation",A horror story about challenge #697.
s698,Movie,Title 698,Director 72,"Actor 253, Actor 464, Actor 361",Mexico,"January 26, 2022",2018,R,180 min,"Sci-Fi, Comedy",A romance story about challenge #698.
s699,TV Show,Title 699,Director 44,"Actor 283, Actor 100, Actor 338",Mexico,"May 20, 2024",2016,PG-13,91 min,"Comedy, Action",A romance story about challenge #699.
s700,Movie,Title 700,Director 134,"Actor 374, Actor 401, Actor 141",Canada,"May 23, 2024",2023,G,9 Seasons,"Animation, Romance",A crime story about challenge #700.
s701,Movie,Title 701,Director 110,"Actor 329, Actor 345, Actor 483",Brazil,"February 03, 2023",1983,TV-G,127 min,"Romance, Comedy",A crime story about challenge #701.
s702,TV Show,Title 702,Director 93,"Actor 265, Actor 389, Actor 23",Mexico,"March 27, 2023",1994,G,128 min,"Crime, Horror",A documentary story about challenge #702.
s703,TV Show,Title 703,Director 50,"Actor 172, Actor 42, Actor 451",Australia,"January 22, 2018",1981,R,7 Seasons,"Comedy, Thriller",A thriller story about challenge #703.
s704,TV Show,Title 704,Director 80,"Actor 33, Actor 321, Actor 321",India,"November 05, 2019",1981,TV-14,78 min,"Animation, Documentary",A romance story about challenge #704.
s705,Movie,Title 705,Director 122,"Actor 123, Actor 491, Actor 175",South Africa,"October 09, 2020",1983,TV-G,105 min,"Comedy, Horror",A comedy story about challenge #705.
s706,Movie,Title 706,Director 22,"Actor 499, Actor 32, Actor 470",United States,"January 03, 2023",2004,TV-G,2 Seasons,"Action, Drama",A horror story about challenge #706.
s707,TV Show,Title 707,Director 157,"Actor 321, Actor 222, Actor 34",India,"August 13, 2018",2023,G,112 min,"Sci-Fi, Animation",A comedy story about challenge #707.
s708,Movie,Title 708,Director 154,"Actor 404, Actor 338, Actor 320",United States,"August 11, 2022",2009,TV-PG,129 min,"Animation, Comedy",A documentary story about challenge #708.
s709,TV Show,Title 709,Director 133,"Actor 169, Actor 301, Actor 99",India,"April 17, 2018",1986,G,83 min,"Animation, Thriller",A animation story about challenge #709.
s710,TV Show,Title 710,Director 91,"Actor 216, Actor 247, Actor 372",Australia,"June 01, 2019",2008,PG-13,177 min,"Drama, Animation",A action story about challenge #710.
s711,TV Show,Title 711,Director 132,"Actor 492, Actor 334, Actor 387",South Korea,"June 30, 2021",1999,TV-MA,3 Seasons,"Horror, Romance",A animation story about challenge #711.
s712,TV Show,Title 712,Director 95,"Actor 497, Actor 5, Actor 266",Australia,"November 05, 2021",2022,PG-13,139 min,"Crime, Drama",A sci-fi story about challenge #712.
s713,Movie,Title 713,Director 52,"Actor 328, Actor 466, Actor 104",Turkey,"November 09, 2021",1984,TV-G,135 min,"Horror, Documentary",A animation story about challenge #713.
s714,TV Show,Title 714,Director 158,"Actor 154, Actor 215, Actor 169",United Kingdom,"May 07, 2024",1986,TV-14,1 Seasons,"Horror, Thriller",A drama story about challenge #714.
s715,Movie,Title 715,Director 120,"Actor 320, Actor 110, Actor 123",Germany,"July 02, 2020",2001,TV-PG,98 min,"Drama, Documentary",A drama story about challenge #715.
s716,TV Show,Title 716,Director 8,"Actor 285, Actor 59, Actor 73",Japan,"October 30, 2018",2008,R,6 Seasons,"Drama, Animation",A thriller story about challenge #716.
s717,TV Show,Title 717,Director 45,"Actor 113, Actor 454, Actor 135",Mexico,"March 21, 2020",1991,TV-G,4 Seasons,"Action, Thriller",A drama story about challenge #717.
s718,TV Show,Title 718,Director 26,"Actor 11, Actor 426, Actor 347",United Kingdom,"December 23, 2019",2004,PG,101 min,"Romance, Horror",A thriller story about challenge #718.
s719,TV Show,Title 719,Director 170,"Actor 88, Actor 482, Actor 270",Turkey,"February 23, 2022",2019,TV-PG,2 Seasons,"Comedy, Action",A action story about challenge #719.
s720,Movie,Title 720,Director 137,"Actor 194, Actor 356, Actor 192",South Korea,"February 16, 2020",2018,TV-PG,4 Seasons,"Drama, Thriller",A crime story about challenge #720.
s721,Movie,Title 721,Director 84,"Actor 127, Actor 28, Actor 323",Turkey,"April 19, 2021",1997,PG-13,10 Seasons,"Horror, Thriller",A comedy story about challenge #721.
s722,Movie,Title 722,Director 43,"Actor 261, Actor 199, Actor 385",Brazil,"April 12, 2023",2012,TV-G,134 min,"Action, Documentary",A documentary story about challenge #722.
s723,TV Show,Title 723,Director 127,"Actor 243, Actor 138, Actor 298",France,"November 23, 2023",2020,G,100 min,"Horror, Thriller",A sci-fi story about challenge #723.
s724,TV Show,Title 724,Director 109,"Actor 456, Actor 194, Actor 293",United Kingdom,"June 14, 2020",2003,TV-Y,92 min,"Comedy, Romance",A horror story about challenge #724.
s725,TV Show,Title 725,Director 59,"Actor 299, Actor 22, Actor 239",Spain,"October 27, 2023",2019,TV-G,134 min,"Sci-Fi, Animation",A documentary story about challenge #725.
s726,TV Show,Title 726,Director 70,"Actor 196, Actor 13, Actor 92",Germany,"July 31, 2023",1994,TV-Y,6 Seasons,"Comedy, Romance",A crime story about challenge #726.
s727,Movie,Title 727,Director 71,"Actor 475, Actor 117, Actor 51",India,"October 02, 2023",1984,TV-G,100 min,"Documentary, Thriller",A documentary story about challenge #727.
s728,TV Show,Title 728,Director 175,"Actor 433, Actor 141, Actor 98",Mexico,"October 21, 2020",2018,PG-13,9 Seasons,"Romance, Drama",A romance story about challenge #728.
s729,TV Show,Title 729,Director 104,"Actor 485, Actor 208, Actor 421",Australia,"February 28, 2021",2021,G,140 min,"Action, Sci-Fi",A thriller story about challenge #729.
s730,Movie,Title 730,Director 122,"Actor 120, Actor 265, Actor 301",Turkey,"July 18, 2020",2015,TV-14,8 Seasons,"Documentary, Comedy",A documentary story about challenge #730.
s731,TV Show,Title 731,Director 179,"Actor 214, Actor 108, Actor 225",Germany,"February 09, 2020",2015,G,148 min,"Action, Romance",A drama story about challenge #731.
s732,TV Show,Title 732,Director 87,"Actor 116, Actor 215, Actor 218",Brazil,"August 10, 2023",2005,TV-MA,150 min,"Drama, Animation",A action story about challenge #732.
s733,TV Show,Title 733,Director 146,"Actor 323, Actor 410, Actor 309",Australia,"September 22, 2019",2016,TV-PG,4 Seasons,"Sci-Fi, Comedy",A crime story about challenge #733.
s734,Movie,Title 734,Director 122,"Actor 56, Actor 169, Actor 292",Germany,"May 02, 2022",2020,TV-Y,88 min,"Crime, Action",A drama story about challenge #734.
s735,TV Show,Title 735,Director 7,"Actor 96, Actor 102, Actor 36",France,"October 07, 2024",1998,R,159 min,"Crime, Comedy",A horror story about challenge #735.
s736,TV Show,Title 736,Director 133,"Actor 6, Actor 88, Actor 168",South Africa,"August 24, 2018",2006,TV-PG,89 min,"Action, Crime",A sci-fi story about challenge #736.
s737,Movie,Title 737,Director 100,"Actor 490, Actor 463, Actor 444",Canada,"May 13, 2023",1988,R,179 min,"Horror, Action",A animation story about challenge #737.
s738,TV Show,Title 738,Director 151,"Actor 104, Actor 258, Actor 367",Brazil,"June 13, 2024",2009,TV-Y,93 min,"Horror, Comedy",A sci-fi story about challenge #738.
s739,Movie,Title 739,Director 135,"Actor 169, Actor 467, Actor 292",Germany,"October 13, 2024",2009,TV-14,169 min,"Comedy, Romance",A horror story about challenge #739.
s740,TV Show,Title 740,Director 101,"Actor 314, Actor 422, Actor 415",South Africa,"November 21, 2021",1991,TV-PG,154 min,"Sci-Fi, Horror",A sci-fi story about challenge #740.
s741,Movie,Title 741,Director 101,"Actor 358, Actor 485, Actor 23",Canada,"January 22, 2020",1990,TV-Y,9 Seasons,"Romance, Comedy",A thriller story about challenge #741.
s742,TV Show,Title 742,Director 142,"Actor 63, Actor 189, Actor 40",Turkey,"July 15, 2023",1986,TV-MA,6 Seasons,"Sci-Fi, Horror",A action story about challenge #742.
s743,Movie,Title 743,Director 130,"Actor 23, Actor 237, Actor 14",India,"November 01, 2020",2020,TV-14,170 min,"Sci-Fi, Thriller",A sci-fi story about challenge #743.
s744,Movie,Title 744,Director 65,"Actor 59, Actor 364, Actor 470",United Kingdom,"June 04, 2018",2000,TV-14,83 min,"Comedy, Crime",A thriller story about challenge #744.
s745,Movie,Title 745,Director 121,"Actor 421, Actor 143, Actor 431",United Kingdom,"November 28, 2022",1990,G,3 Seasons,"Romance, Comedy",A crime story about challenge #745.
s746,Movie,Title 746,Director 20,"Actor 344, Actor 391, Actor 6",Brazil,"May 20, 2022",1997,PG-13,97 min,"Thriller, Drama",A crime story about challenge #746.
s747,TV Show,Title 747,Director 179,"Actor 25, Actor 429, Actor 326",Turkey,"June 04, 2020",2013,PG,114 min,"Horror, Drama",A animation story about challenge #747.
s748,Movie,Title 748,Director 97,"Actor 393, Actor 104, Actor 476",Canada,"January 20, 2018",2003,R,77 min,"Sci-Fi, Drama",A drama story about challenge #748.
s749,Movie,Title 749,Director 175,"Actor 343, Actor 33, Actor 113",India,"October 12, 2021",2022,PG-13,1 Seasons,"Sci-Fi, Crime",A comedy story about challenge #749.
s750,TV Show,Title 750,Director 144,"Actor 321, Actor 98, Actor 320",Canada,"September 01, 2021",2014,TV-PG,2 Seasons,"Thriller, Animation",A comedy story about challenge #750.
s751,TV Show,Title 751,Director 45,"Actor 8, Actor 206, Actor 335",South Korea,"December 31, 2021",1980,TV-PG,103 min,"Comedy, Romance",A animation story about challenge #751.
s752,Movie,Title 752,Director 18,"Actor 454, Actor 112, Actor 211",Japan,"February 20, 2022",2018,TV-14,2 Seasons,"Crime, Action",A romance story about challenge #752.
s753,TV Show,Title 753,Director 162,"Actor 357, Actor 199, Actor 348",Turkey,"January 24, 2019",2024,PG-13,156 min,"Documentary, Horror",A comedy story about challenge #753.
s754,Movie,Title 754,Director 156,"Actor 467, Actor 300, Actor 230",France,"October 04, 2021",2012,R,165 min,"Drama, Thriller",A drama story about challenge #754.
s755,TV Show,Title 755,Director 61,"Actor 378, Actor 220, Actor 388",Canada,"May 24, 2019",2019,PG,122 min,"Horror, Romance",A thriller story about challenge #755.
s756,TV Show,Title 756,Director 53,"Actor 329, Actor 20, Actor 122",Mexico,"September 14, 2019",2018,TV-14,6 Seasons,"Action, Romance",A documentary story about challenge #756.
s757,TV Show,Title 757,Director 166,"Actor 417, Actor 148, Actor 385",United States,"June 12, 2018",1994,TV-G,101 min,"Crime, Drama",A thriller story about challenge #757.
s758,TV Show,Title 758,Director 134,"Actor 165, Actor 94, Actor 227",Brazil,"June 30, 2020",1980,PG,2 Seasons,"Thriller, Drama",A action story about challenge #758.
s759,Movie,Title 759,Director 24,"Actor 89, Actor 304, Actor 282",South Africa,"April 16, 2020",1993,R,129 min,"Horror, Romance",A action story about challenge #759.
s760,Movie,Title 760,Director 109,"Actor 91, Actor 311, Actor 128",Japan,"March 20, 2020",1998,TV-14,4 Seasons,"Romance, Horror",A comedy story about challenge #760.
s761,TV Show,Title 761,Director 97,"Actor 86, Actor 242, Actor 226",France,"January 12, 2022",2012,TV-PG,8 Seasons,"Drama, Sci-Fi",A sci-fi story about challenge #761.
s762,TV Show,Title 762,Director 153,"Actor 276, Actor 79, Actor 284",Mexico,"December 07, 2018",1991,TV-Y,114 min,"Horror, Romance",A sci-fi story about challenge #762.
s763,TV Show,Title 763,Director 19,"Actor 171, Actor 70, Actor 367",Germany,"April 21, 2024",1992,PG-13,1 Seasons,"Drama, Crime",A documentary story about challenge #763.
s764,TV Show,Title 764,Director 107,"Actor 482, Actor 203, Actor 497",Mexico,"July 06, 2023",2003,TV-PG,157 min,"Animation, Comedy",A sci-fi story about challenge #764.
s765,Movie,Title 765,Director 99,"Actor 478, Actor 290, Actor 84",Canada,"June 09, 2018",2007,TV-Y,6 Seasons,"Crime, Horror",A documentary story about challenge #765.
s766,TV Show,Title 766,Director 109,"Actor 377, Actor 127, Actor 125",Germany,"August 25, 2018",1982,TV-G,1 Seasons,"Action, Romance",A animation story about challenge #766.
s767,Movie,Title 767,Director 66,"Actor 127, Actor 309, Actor 297",Brazil,"February 09, 2023",1990,G,86 min,"Sci-Fi, Animation",A animation story about challenge #767.
s768,Movie,Title 768,Director 109,"Actor 85, Actor 425, Actor 219",Japan,"November 26, 2018",2024,TV-Y,143 min,"Sci-Fi, Romance",A sci-fi story about challenge #768.
s769,Movie,Title 769,Director 163,"Actor 294, Actor 398, Actor 409",South Korea,"December 31, 2018",1989,TV-Y,7 Seasons,"Romance, Drama",A action story about challenge #769.
s770,Movie,Title 770,Director 25,"Actor 36, Actor 397, Actor 357",France,"July 08, 2023",2013,TV-PG,7 Seasons,"Action, Animation",A documentary story about challenge #770.
s771,Movie,Title 771,Director 51,"Actor 250, Actor 94, Actor 258",India,"February 03, 2020",2008,R,82 min,"Action, Thriller",A romance story about challenge #771.
s772,TV Show,Title 772,Director 161,"Actor 468, Actor 320, Actor 56",South Africa,"August 02, 2022",2020,PG-13,85 min,"Sci-Fi, Comedy",A romance story about challenge #772.
s773,TV Show,Title 773,Director 8,"Actor 300, Actor 121, Actor 245",Germany,"September 21, 2018",2023,PG,109 min,"Drama, Animation",A comedy story about challenge #773.
s774,Movie,Title 774,Director 97,"Actor 309, Actor 267, Actor 493",Turkey,"May 14, 2020",1997,TV-14,118 min,"Animation, Sci-Fi",A documentary story about challenge #774.
s775,TV Show,Title 775,Director 81,"Actor 419, Actor 123, Actor 482",South Korea,"February 27, 2022",2022,TV-PG,82 min,"Documentary, Animation",A comedy story about challenge #775.
s776,TV Show,Title 776,Director 179,"Actor 206, Actor 372, Actor 428",United Kingdom,"January 13, 2018",1981,PG,5 Seasons,"Thriller, Documentary",A horror story about challenge #776.
s777,TV Show,Title 777,Director 170,"Actor 97, Actor 2, Actor 327",South Africa,"May 01, 2023",2000,G,1 Seasons,"Documentary, Horror",A thriller story about challenge #777.
s778,TV Show,Title 778,Director 103,"Actor 379, Actor 314, Actor 407",India,"October 21, 2024",2002,TV-PG,8 Seasons,"Comedy, Sci-Fi",A romance story about challenge #778.
s779,Movie,Title 779,Director 37,"Actor 446, Actor 267, Actor 449",Australia,"October 22, 2024",2012,G,176 min,"Comedy, Romance",A crime story about challenge #779.
s780,Movie,Title 780,Director 115,"Actor 489, Actor 60, Actor 247",Brazil,"March 28, 2023",2014,R,96 min,"Comedy, Animation",A sci-fi story about challenge #780.
s781,Movie,Title 781,Director 84,"Actor 463, Actor 197, Actor 393",Japan,"April 30, 2018",1994,TV-Y,2 Seasons,"Action, Crime",A horror story about challenge #781.
s782,TV Show,Title 782,Director 58,"Actor 478, Actor 295, Actor 393",Australia,"January 06, 2019",1984,TV-G,166 min,"Sci-Fi, Crime",A sci-fi story about challenge #782.
s783,Movie,Title 783,Director 67,"Actor 60, Actor 149, Actor 45",India,"August 13, 2020",1985,TV-G,4 Seasons,"Comedy, Documentary",A action story about challenge #783.
s784,TV Show,Title 784,Director 148,"Actor 378, Actor 1, Actor 160",United States,"July 07, 2021",2017,TV-MA,124 min,"Sci-Fi, Documentary",A documentary story about challenge #784.
s785,Movie,Title 785,Director 28,"Actor 203, Actor 5, Actor 276",South Africa,"June 02, 2019",2009,TV-G,112 min,"Thriller, Horror",A horror story about challenge #785.
s786,TV Show,Title 786,Director 38,"Actor 383, Actor 341, Actor 435",Turkey,"August 27, 2019",2024,G,114 min,"Crime, Comedy",A romance story about challenge #786.
s787,TV Show,Title 787,Director 162,"Actor 425, Actor 111, Actor 254",Japan,"June 08, 2024",2004,G,6 Seasons,"Action, Thriller",A thriller story about challenge #787.
s788,Movie,Title 788,Director 125,"Actor 373, Actor 201, Actor 154",South Africa,"August 04, 2018",2022,PG-13,9 Seasons,"Sci-Fi, Documentary",A sci-fi story about challenge #788.
s789,TV Show,Title 789,Director 101,"Actor 201, Actor 37, Actor 271",Mexico,"April 24, 2023",1998,TV-Y,4 Seasons,"Crime, Sci-Fi",A comedy story about challenge #789.
s790,TV Show,Title 790,Director 149,"Actor 444, Actor 413, Actor 28",South Africa,"June 21, 2019",1999,TV-14,10 Seasons,"Action, Horror",A horror story about challenge #790.
s791,Movie,Title 791,Director 54,"Actor 112, Actor 412, Actor 384",Canada,"April 07, 2021",2021,G,148 min,"Comedy, Action",A sci-fi story about challenge #791.
s792,Movie,Title 792,Director 15,"Actor 50, Actor 183, Actor 499",Germany,"October 16, 2022",1991,G,140 min,"Documentary, Sci-Fi",A action story about challenge #792.
s793,Movie,Title 793,Director 9,"Actor 61, Actor 124, Actor 204",Germany,"July 13, 2022",1999,PG-13,7 Seasons,"Comedy, Horror",A sci-fi story about challenge #793.
s794,TV Show,Title 794,Director 95,"Actor 6, Actor 62, Actor 60",India,"February 01, 2021",1987,TV-14,9 Seasons,"Thriller, Drama",A animation story about challenge #794.
s795,TV Show,Title 795,Director 71,"Actor 356, Actor 382, Actor 49",Turkey,"June 04, 2024",2017,PG-13,157 min,"Sci-Fi, Romance",A animation story about challenge #795.
s796,Movie,Title 796,Director 84,"Actor 33, Actor 366, Actor 466",South Africa,"May 28, 2019",2014,PG-13,164 min,"Drama, Sci-Fi",A crime story about challenge #796.
s797,TV Show,Title 797,Director 17,"Actor 266, Actor 429, Actor 300",Spain,"January 07, 2024",2021,PG,4 Seasons,"Comedy, Action",A animation story about challenge #797.
s798,Movie,Title 798,Director 143,"Actor 229, Actor 410, Actor 161",India,"January 08, 2020",1982,PG-13,158 min,"Action, Comedy",A crime story about challenge #798.
s799,Movie,Title 799,Director 22,"Actor 64, Actor 260, Actor 153",South Korea,"November 17, 2020",2014,PG-13,159 min,"Drama, Thriller",A romance story about challenge #799.
s800,TV Show,Title 800,Director 169,"Actor 274, Actor 228, Actor 72",Australia,"July 09, 2018",2011,TV-G,120 min,"Animation, Crime",A crime story about challenge #800.
s801,Movie,Title 801,Director 170,"Actor 420, Actor 23, Actor 122",United States,"May 09, 2020",1992,PG-13,102 min,"Action, Crime",A thriller story about challenge #801.
s802,TV Show,Title 802,Director 72,"Actor 66, Actor 374, Actor 319",France,"August 20, 2024",1984,TV-MA,123 min,"Action, Sci-Fi",A horror story about challenge #802.
s803,TV Show,Title 803,Director 174,"Actor 218, Actor 482, Actor 356",United Kingdom,"December 08, 2018",2014,R,168 min,"Romance, Thriller",A documentary story about challenge #803.
s804,Movie,Title 804,Director 108,"Actor 421, Actor 79, Actor 162",Turkey,"April 27, 2024",2007,TV-PG,152 min,"Thriller, Comedy",A romance story about challenge #804.
s805,Movie,Title 805,Director 176,"Actor 281, Actor 209, Actor 34",South Korea,"May 26, 2019",2020,PG,117 min,"Romance, Action",A thriller story about challenge #805.
s806,Movie,Title 806,Director 26,"Actor 194, Actor 497, Actor 114",France,"January 25, 2021",1986,PG,168 min,"Romance, Horror",A comedy story about challenge #806.
s807,TV Show,Title 807,Director 180,"Actor 293, Actor 444, Actor 145",Spain,"December 07, 2023",1997,PG,3 Seasons,"Documentary, Sci-Fi",A action story about challenge #807.
s808,TV Show,Title 808,Director 123,"Actor 304, Actor 66, Actor 133",United States,"November 14, 2021",2023,TV-MA,3 Seasons,"Action, Sci-Fi",A animation story about challenge #808.
s809,Movie,Title 809,Director 164,"Actor 499, Actor 190, Actor 363",Turkey,"December 31, 2020",1995,TV-PG,3 Seasons,"Horror, Documentary",A horror story about challenge #809.
s810,TV Show,Title 810,Director 71,"Actor 488, Actor 220, Actor 267",Mexico,"August 20, 2023",1994,TV-Y,2 Seasons,"Romance, Sci-Fi",A documentary story about challenge #810.
s811,Movie,Title 811,Director 20,"Actor 374, Actor 123, Actor 484",India,"January 05, 2019",1990,G,111 min,"Crime, Horror",A drama story about challenge #811.
s812,Movie,Title 812,Director 123,"Actor 255, Actor 264, Actor 351",Brazil,"October 03, 2022",2014,PG,153 min,"Thriller, Drama",A sci-fi story about challenge #812.
s813,TV Show,Title 813,Director 63,"Actor 379, Actor 339, Actor 487",South Africa,"December 29, 2023",2013,G,3 Seasons,"Crime, Thriller",A action story about challenge #813.
s814,TV Show,Title 814,Director 35,"Actor 264, Actor 181, Actor 488",United States,"November 04, 2018",2007,TV-14,122 min,"Comedy, Documentary",A thriller story about challenge #814.
s815,Movie,Title 815,Director 75,"Actor 154, Actor 248, Actor 151",Japan,"January 18, 2024",1993,G,10 Seasons,"Sci-Fi, Thriller",A romance story about challenge #815.
s816,Movie,Title 816,Director 119,"Actor 457, Actor 317, Actor 435",Germany,"October 13, 2023",1983,TV-G,133 min,"Documentary, Romance",A documentary story about challenge #816.
s817,Movie,Title 817,Director 90,"Actor 456, Actor 370, Actor 96",France,"March 15, 2019",2002,G,137 min,"Thriller, Comedy",A crime story about challenge #817.
s818,Movie,Title 818,Director 106,"Actor 64, Actor 468, Actor 250",United States,"October 08, 2023",1989,TV-Y,125 min,"Documentary, Romance",A documentary story about challenge #818.
s819,Movie,Title 819,Director 138,"Actor 416, Actor 138, Actor 56",Germany,"October 21, 2022",2022,TV-14,120 min,"Sci-Fi, Drama",A documentary story about challenge #819.
s820,Movie,Title 820,Director 49,"Actor 146, Actor 21, Actor 69",France,"March 23, 2020",2006,TV-G,3 Seasons,"Thriller, Horror",A romance story about challenge #820.
s821,TV Show,Title 821,Director 126,"Actor 282, Actor 254, Actor 410",Brazil,"May 02, 2019",1988,TV-G,7 Seasons,"Crime, Sci-Fi",A action story about challenge #821.
s822,Movie,Title 822,Director 6,"Actor 65, Actor 80, Actor 177",Spain,"March 26, 2019",1980,R,118 min,"Sci-Fi, Drama",A sci-fi story about challenge #822.
s823,TV Show,Title 823,Director 73,"Actor 249, Actor 43, Actor 390",France,"May 21, 2023",1995,PG-13,3 Seasons,"Thriller, Romance",A comedy story about challenge #823.
s824,Movie,Title 824,Director 171,"Actor 421, Actor 220, Actor 102",Germany,"December 15, 2020",1986,TV-MA,4 Seasons,"Animation, Action",A thriller story about challenge #824.
s825,Movie,Title 825,Director 103,"Actor 20, Actor 141, Actor 99",United Kingdom,"May 09, 2019",2007,G,2 Seasons,"Drama, Sci-Fi",A sci-fi story about challenge #825.
s826,TV Show,Title 826,Director 180,"Actor 325, Actor 119, Actor 114",South Korea,"November 21, 2023",2007,TV-14,129 min,"Drama, Romance",A comedy story about challenge #826.
s827,TV Show,Title 827,Director 72,"Actor 483, Actor 180, Actor 365",France,"January 07, 2021",1995,TV-G,3 Seasons,"Drama, Animation",A drama story about challenge #827.
s828,Movie,Title 828,Director 74,"Actor 242, Actor 144, Actor 466",Australia,"August 10, 2021",1986,TV-PG,137 min,"Documentary, Animation",A romance story about challenge #828.
s829,Movie,Title 829,Director 172,"Actor 7, Actor 350, Actor 283",Turkey,"April 02, 2019",1988,TV-G,178 min,"Documentary, Crime",A animation story about challenge #829.
s830,Movie,Title 830,Director 167,"Actor 142, Actor 108, Actor 300",France,"March 03, 2022",1985,PG,170 min,"Animation, Comedy",A drama story about challenge #830.
s831,Movie,Title 831,Director 50,"Actor 361, Actor 229, Actor 474",India,"July 30, 2024",1984,TV-MA,5 Seasons,"Horror, Thriller",A crime story about challenge #831.
s832,Movie,Title 832,Director 33,"Actor 99, Actor 215, Actor 282",Mexico,"September 22, 2019",1996,TV-MA,6 Seasons,"Horror, Comedy",A sci-fi story about challenge #832.
s833,TV Show,Title 833,Director 108,"Actor 269, Actor 477, Actor 488",Spain,"October 05, 2018",1981,PG-13,164 min,"Action, Romance",A drama story about challenge #833.
s834,Movie,Title 834,Director 178,"Actor 98, Actor 380, Actor 418",France,"May 08, 2024",2011,TV-MA,2 Seasons,"Action, Horror",A crime story about challenge #834.
s835,TV Show,Title 835,Director 103,"Actor 311, Actor 140, Actor 106",United Kingdom,"April 23, 2022",1980,PG-13,150 min,"Drama, Crime",A horror story about challenge #835.
s836,TV Show,Title 836,Director 78,"Actor 437, Actor 113, Actor 152",Mexico,"August 26, 2023",1997,TV-MA,103 min,"Drama, Crime",A thriller story about challenge #836.
s837,Movie,Title 837,Director 164,"Actor 76, Actor 483, Actor 453",Japan,"April 10, 2021",1988,TV-Y,1 Seasons,"Thriller, Animation",A crime story about challenge #837.
s838,Movie,Title 838,Director 167,"Actor 178, Actor 324, Actor 310",South Korea,"April 21, 2019",2000,PG,9 Seasons,"Romance, Action",A sci-fi story about challenge #838.
s839,TV Show,Title 839,Director 15,"Actor 321, Actor 418, Actor 6",South Africa,"April 22, 2021",2002,R,5 Seasons,"Action, Romance",A drama story about challenge #839.
s840,Movie,Title 840,Director 177,"Actor 196, Actor 485, Actor 335",Japan,"January 11, 2024",2020,TV-MA,131 min,"Thriller, Documentary",A romance story about challenge #840.
s841,TV Show,Title 841,Director 40,"Actor 229, Actor 119, Actor 374",Mexico,"April 15, 2020",2007,TV-G,136 min,"Comedy, Horror",A action story about challenge #841.
s842,Movie,Title 842,Director 46,"Actor 97, Actor 292, Actor 252",Mexico,"February 25, 2023",1991,TV-Y,95 min,"Action, Sci-Fi",A animation story about challenge #842.
s843,Movie,Title 843,Director 37,"Actor 37, Actor 219, Actor 126",Germany,"February 09, 2020",2021,TV-PG,142 min,"Action, Drama",A animation story about challenge #843.
s844,TV Show,Title 844,Director 99,"Actor 11, Actor 57, Actor 424",United States,"February 13, 2019",2021,G,173 min,"Comedy, Romance",A action story about challenge #844.
s845,Movie,Title 845,Director 3,"Actor 491, Actor 406, Actor 55",Spain,"September 22, 2024",2001,PG,136 min,"Animation, Horror",A action story about challenge #845.
s846,TV Show,Title 846,Director 123,"Actor 80, Actor 125, Actor 29",Spain,"June 13, 2021",2024,TV-Y,2 Seasons,"Drama, Animation",A comedy story about challenge #846.
s847,TV Show,Title 847,Director 27,"Actor 262, Actor 454, Actor 429",France,"February 09, 2024",1989,G,1 Seasons,"Thriller, Sci-Fi",A sci-fi story about challenge #847.
s848,TV Show,Title 848,Director 168,"Actor 147, Actor 116, Actor 472",Brazil,"August 27, 2019",2004,PG,89 min,"Thriller, Comedy",A romance story about challenge #848.
s849,Movie,Title 849,Director 158,"Actor 171, Actor 61, Actor 185",India,"January 03, 2022",1982,PG-13,142 min,"Documentary, Action",A sci-fi story about challenge #849.
s850,TV Show,Title 850,Director 160,"Actor 419, Actor 147, Actor 179",India,"September 08, 2019",1997,TV-14,5 Seasons,"Comedy, Drama",A action story about challenge #850.
s851,TV Show,Title 851,Director 38,"Actor 200, Actor 229, Actor 370",Turkey,"August 24, 2019",2010,PG,129 min,"Romance, Action",A comedy story about challenge #851.
s852,Movie,Title 852,Director 47,"Actor 393, Actor 198, Actor 181",South Korea,"August 16, 2021",2011,TV-PG,127 min,"Animation, Documentary",A action story about challenge #852.
s853,TV Show,Title 853,Director 108,"Actor 282, Actor 255, Actor 276",Spain,"October 04, 2020",2011,TV-MA,104 min,"Sci-Fi, Comedy",A animation story about challenge #853.
s854,Movie,Title 854,Director 180,"Actor 45, Actor 121, Actor 186",United States,"September 24, 2022",1993,G,135 min,"Action, Comedy",A drama story about challenge #854.
s855,TV Show,Title 855,Director 36,"Actor 151, Actor 236, Actor 74",South Africa,"December 01, 2021",2015,TV-PG,180 min,"Thriller, Drama",A action story about challenge #855.
s856,Movie,Title 856,Director 97,"Actor 376, Actor 14, Actor 357",France,"April 26, 2019",2003,G,10 Seasons,"Comedy, Horror",A animation story about challenge #856.
s857,Movie,Title 857,Director 38,"Actor 188, Actor 73, Actor 41",Canada,"October 10, 2019",1984,G,179 min,"Sci-Fi, Action",A action story about challenge #857.
s858,Movie,Title 858,Director 136,"Actor 358, Actor 486, Actor 154",Germany,"April 09, 2023",2006,TV-G,157 min,"Drama, Romance",A comedy story about challenge #858.
s859,Movie,Title 859,Director 165,"Actor 17, Actor 310, Actor 385",United Kingdom,"October 01, 2019",2012,PG-13,129 min,"Horror, Crime",A romance story about challenge #859.
s860,TV Show,Title 860,Director 59,"Actor 217, Actor 477, Actor 81",Japan,"June 01, 2024",1985,TV-MA,91 min,"Thriller, Sci-Fi",A animation story about challenge #860.
s861,Movie,Title 861,Director 101,"Actor 95, Actor 422, Actor 382",Spain,"August 18, 2018",2018,PG,8 Seasons,"Horror, Documentary",A sci-fi story about challenge #861.
s862,Movie,Title 862,Director 14,"Actor 412, Actor 191, Actor 332",France,"April 08, 2022",1992,TV-Y,84 min,"Documentary, Animation",A drama story about challenge #862.
s863,TV Show,Title 863,Director 42,"Actor 278, Actor 55, Actor 34",Canada,"September 08, 2020",2018,G,5 Seasons,"Thriller, Crime",A thriller story about challenge #863.
s864,Movie,Title 864,Director 69,"Actor 44, Actor 292, Actor 290",United States,"May 13, 2018",2016,TV-14,115 min,"Comedy, Romance",A drama story about challenge #864.
s865,TV Show,Title 865,Director 102,"Actor 257, Actor 100, Actor 162",Turkey,"December 31, 2021",2005,TV-G,2 Seasons,"Documentary, Sci-Fi",A crime story about challenge #865.
s866,Movie,Title 866,Director 7,"Actor 301, Actor 408, Actor 196",Germany,"February 18, 2019",2017,G,94 min,"Horror, Comedy",A comedy story about challenge #866.
s867,Movie,Title 867,Director 175,"Actor 335, Actor 73, Actor 394",Mexico,"August 06, 2020",1990,TV-MA,168 min,"Animation, Crime",A documentary story about challenge #867.
s868,Movie,Title 868,Director 87,"Actor 149, Actor 185, Actor 320",South Africa,"January 07, 2023",2007,G,7 Seasons,"Thriller, Animation",A animation story about challenge #868.
s869,Movie,Title 869,Director 40,"Actor 291, Actor 322, Actor 255",India,"October 21, 2024",1980,PG-13,5 Seasons,"Crime, Comedy",A horror story about challenge #869.
s870,TV Show,Title 870,Director 81,"Actor 87, Actor 479, Actor 152",United Kingdom,"January 21, 2019",1984,TV-Y,120 min,"Comedy, Animation",A action story about challenge #870.
s871,TV Show,Title 871,Director 122,"Actor 132, Actor 391, Actor 449",Germany,"March 03, 2023",2021,PG-13,10 Seasons,"Horror, Drama",A documentary story about challenge #871.
s872,TV Show,Title 872,Director 105,"Actor 439, Actor 318, Actor 470",Brazil,"March 20, 2021",1988,TV-14,154 min,"Documentary, Animation",A comedy story about challenge #872.
s873,TV Show,Title 873,Director 68,"Actor 450, Actor 449, Actor 350",United States,"August 20, 2022",2019,G,4 Seasons,"Crime, Drama",A action story about challenge #873.
s874,TV Show,Title 874,Director 97,"Actor 82, Actor 292, Actor 205",South Africa,"March 08, 2019",1984,R,134 min,"Comedy, Documentary",A horror story about challenge #874.
s875,TV Show,Title 875,Director 28,"Actor 44, Actor 93, Actor 375",India,"April 03, 2023",2005,TV-PG,117 min,"Comedy, Documentary",A documentary story about challenge #875.
s876,TV Show,Title 876,Director 55,"Actor 360, Actor 380, Actor 244",India,"October 11, 2024",1997,TV-14,94 min,"Horror, Action",A thriller story about challenge #876.
s877,Movie,Title 877,Director 154,"Actor 397, Actor 195, Actor 32",Turkey,"August 04, 2021",2003,TV-PG,4 Seasons,"Drama, Thriller",A drama story about challenge #877.
s878,TV Show,Title 878,Director 65,"Actor 326, Actor 91, Actor 43",United Kingdom,"September 29, 2022",1984,TV-Y,113 min,"Horror, Sci-Fi",A crime story about challenge #878.
s879,TV Show,Title 879,Director 48,"Actor 426, Actor 28, Actor 48",France,"May 26, 2020",2001,TV-Y,119 min,"Sci-Fi, Horror",A horror story about challenge #879.
s880,Movie,Title 880,Director 179,"Actor 224, Actor 182, Actor 468",Mexico,"January 03, 2024",2016,TV-PG,9 Seasons,"Animation, Thriller",A comedy story about challenge #880.
s881,Movie,Title 881,Director 83,"Actor 341, Actor 422, Actor 481",Mexico,"June 27, 2024",2000,G,133 min,"Action, Horror",A documentary story about challenge #881.
s882,TV Show,Title 882,Director 68,"Actor 267, Actor 370, Actor 2",Germany,"April 11, 2019",1988,TV-14,10 Seasons,"Comedy, Drama",A thriller story about challenge #882.
s883,TV Show,Title 883,Director 179,"Actor 280, Actor 397, Actor 86",Australia,"February 08, 2020",2004,R,99 min,"Animation, Drama",A documentary story about challenge #883.
s884,Movie,Title 884,Director 78,"Actor 460, Actor 158, Actor 258",South Africa,"January 30, 2022",1987,TV-14,8 Seasons,"Sci-Fi, Animation",A documentary story about challenge #884.
s885,TV Show,Title 885,Director 134,"Actor 499, Actor 392, Actor 172",India,"December 13, 2021",1991,TV-14,97 min,"Crime, Action",A crime story about challenge #885.
s886,TV Show,Title 886,Director 73,"Actor 433, Actor 338, Actor 353",Brazil,"November 21, 2022",2007,TV-Y,2 Seasons,"Comedy, Animation",A comedy story about challenge #886.
s887,TV Show,Title 887,Director 27,"Actor 255, Actor 384, Actor 385",Australia,"March 09, 2018",2014,PG,9 Seasons,"Animation, Drama",A romance story about challenge #887.
s888,Movie,Title 888,Director 58,"Actor 398, Actor 233, Actor 283",France,"September 19, 2022",1987,R,2 Seasons,"Documentary, Horror",A sci-fi story about challenge #888.
s889,Movie,Title 889,Director 96,"Actor 401, Actor 115, Actor 260",Japan,"June 10, 2022",1997,TV-Y,176 min,"Sci-Fi, Thriller",A drama story about challenge #889.
s890,Movie,Title 890,Director 4,"Actor 14, Actor 79, Actor 405",South Korea,"August 26, 2022",2013,TV-G,148 min,"Sci-Fi, Thriller",A crime story about challenge #890.
s891,Movie,Title 891,Director 158,"Actor 330, Actor 202, Actor 425",United States,"May 23, 2022",2016,TV-PG,156 min,"Sci-Fi, Action",A sci-fi story about challenge #891.
s892,Movie,Title 892,Director 112,"Actor 119, Actor 51, Actor 364",Turkey,"July 27, 2021",1988,TV-MA,148 min,"Sci-Fi, Romance",A crime story about challenge #892.
s893,TV Show,Title 893,Director 53,"Actor 48, Actor 48, Actor 14",France,"October 14, 2019",1980,PG-13,165 min,"Crime, Comedy",A animation story about challenge #893.
s894,Movie,Title 894,Director 34,"Actor 233, Actor 325, Actor 324",Turkey,"April 16, 2022",2002,PG-13,103 min,"Romance, Thriller",A crime story about challenge #894.
s895,TV Show,Title 895,Director 67,"Actor 338, Actor 27, Actor 141",India,"October 01, 2020",1989,G,10 Seasons,"Comedy, Animation",A horror story about challenge #895.
s896,Movie,Title 896,Director 28,"Actor 73, Actor 145, Actor 135",United Kingdom,"September 06, 2024",1985,PG,121 min,"Thriller, Sci-Fi",A comedy story about challenge #896.
s897,Movie,Title 897,Director 106,"Actor 38, Actor 250, Actor 492",Brazil,"July 05, 2023",1984,R,7 Seasons,"Documentary, Horror",A action story about challenge #897.
s898,TV Show,Title 898,Director 3,"Actor 463, Actor 92, Actor 338",Australia,"January 07, 2020",2020,G,118 min,"Documentary, Horror",A animation story about challenge #898.
s899,Movie,Title 899,Director 41,"Actor 268, Actor 380, Actor 131",India,"September 23, 2024",1992,G,141 min,"Crime, Action",A thriller story about challenge #899.
s900,Movie,Title 900,Director 56,"Actor 16, Actor 168, Actor 71",Canada,"February 03, 2022",1985,PG-13,136 min,"Thriller, Comedy",A documentary story about challenge #900.
s901,TV Show,Title 901,Director 120,"Actor 382, Actor 415, Actor 254",France,"March 08, 2024",2012,TV-PG,5 Seasons,"Action, Thriller",A romance story about challenge #901.
s902,Movie,Title 902,Director 150,"Actor 407, Actor 393, Actor 301",Japan,"May 29, 2022",1990,R,8 Seasons,"Sci-Fi, Horror",A sci-fi story about challenge #902.
s903,TV Show,Title 903,Director 82,"Actor 319, Actor 56, Actor 311",France,"September 08, 2024",2007,R,122 min,"Comedy, Horror",A action story about challenge #903.
s904,TV Show,Title 904,Director 151,"Actor 210, Actor 151, Actor 310",South Africa,"May 19, 2018",2021,TV-MA,78 min,"Comedy, Action",A documentary story about challenge #904.
s905,Movie,Title 905,Director 92,"Actor 126, Actor 38, Actor 111",Brazil,"October 25, 2022",2003,TV-G,115 min,"Comedy, Drama",A documentary story about challenge #905.
s906,TV Show,Title 906,Director 55,"Actor 239, Actor 291, Actor 408",South Korea,"February 14, 2018",1994,TV-MA,111 min,"Animation, Thriller",A crime story about challenge #906.
s907,Movie,Title 907,Director 144,"Actor 143, Actor 367, Actor 312",Turkey,"June 09, 2020",2022,PG,157 min,"Sci-Fi, Animation",A documentary story about challenge #907.
s908,Movie,Title 908,Director 51,"Actor 26, Actor 411, Actor 253",Germany,"August 04, 2021",1982,TV-Y,90 min,"Horror, Action",A animation story about challenge #908.
s909,TV Show,Title 909,Director 61,"Actor 296, Actor 11, Actor 146",United States,"August 31, 2021",2021,G,5 Seasons,"Action, Sci-Fi",A drama story about challenge #909.
s910,Movie,Title 910,Director 87,"Actor 331, Actor 9, Actor 36",Germany,"December 26, 2023",1986,TV-PG,5 Seasons,"Documentary, Animation",A sci-fi story about challenge #910.
s911,TV Show,Title 911,Director 127,"Actor 314, Actor 25, Actor 202",Japan,"November 23, 2018",2024,TV-14,157 min,"Comedy, Documentary",A animation story about challenge #911.
s912,Movie,Title 912,Director 58,"Actor 25, Actor 423, Actor 6",United Kingdom,"February 25, 2019",1986,TV-G,7 Seasons,"Thriller, Action",A comedy story about challenge #912.
s913,TV Show,Title 913,Director 138,"Actor 3, Actor 479, Actor 353",South Africa,"February 22, 2020",1983,TV-Y,1 Seasons,"Comedy, Drama",A romance story about challenge #913.
s914,TV Show,Title 914,Director 85,"Actor 353, Actor 314, Actor 406",Turkey,"November 04, 2018",2004,TV-Y,3 Seasons,"Animation, Horror",A comedy story about challenge #914.
s915,TV Show,Title 915,Director 38,"Actor 386, Actor 300, Actor 455",South Africa,"June 02, 2019",2006,TV-14,9 Seasons,"Crime, Thriller",A animation story about challenge #915.
s916,TV Show,Title 916,Director 72,"Actor 165, Actor 396, Actor 375",Germany,"May 12, 2023",1994,PG,112 min,"Comedy, Documentary",A crime story about challenge #916.
s917,Movie,Title 917,Director 178,"Actor 40, Actor 39, Actor 498",Germany,"September 19, 2020",1983,R,102 min,"Horror, Sci-Fi",A thriller story about challenge #917.
s918,Movie,Title 918,Director 88,"Actor 107, Actor 417, Actor 303",Turkey,"June 21, 2023",2013,TV-MA,5 Seasons,"Horror, Action",A crime story about challenge #918.
s919,Movie,Title 919,Director 57,"Actor 470, Actor 187, Actor 198",Germany,"March 09, 2019",2019,TV-MA,126 min,"Thriller, Comedy",A romance story about challenge #919.
s920,Movie,Title 920,Director 176,"Actor 158, Actor 488, Actor 446",Australia,"September 29, 2022",2021,PG,88 min,"Comedy, Thriller",A drama story about challenge #920.
s921,Movie,Title 921,Director 69,"Actor 15, Actor 244, Actor 339",Spain,"March 03, 2023",2008,TV-G,145 min,"Comedy, Documentary",A sci-fi story about challenge #921.
s922,Movie,Title 922,Director 102,"Actor 258, Actor 221, Actor 261",South Korea,"May 18, 2020",1983,TV-14,87 min,"Drama, Sci-Fi",A sci-fi story about challenge #922.
s923,TV Show,Title 923,Director 49,"Actor 207, Actor 91, Actor 305",Japan,"March 05, 2020",2013,TV-14,88 min,"Drama, Thriller",A comedy story about challenge #923.
s924,Movie,Title 924,Director 14,"Actor 459, Actor 19, Actor 295",Japan,"June 18, 2020",1995,PG,110 min,"Thriller, Sci-Fi",A sci-fi story about challenge #924.
s925,Movie,Title 925,Director 57,"Actor 376, Actor 422, Actor 451",Mexico,"May 29, 2022",1997,TV-14,175 min,"Thriller, Documentary",A romance story about challenge #925.
s926,TV Show,Title 926,Director 1,"Actor 49, Actor 95, Actor 258",Mexico,"September 08, 2024",2019,TV-14,4 Seasons,"Action, Documentary",A comedy story about challenge #926.
s927,Movie,Title 927,Director 86,"Actor 461, Actor 234, Actor 73",United States,"November 14, 2019",2022,TV-14,77 min,"Action, Romance",A comedy story about challenge #927.
s928,Movie,Title 928,Director 153,"Actor 181, Actor 497, Actor 243",Australia,"December 01, 2019",1980,TV-14,8 Seasons,"Comedy, Drama",A drama story about challenge #928.
s929,TV Show,Title 929,Director 59,"Actor 269, Actor 258, Actor 86",Turkey,"May 12, 2024",1989,PG,177 min,"Documentary, Horror",A horror story about challenge #929.
s930,TV Show,Title 930,Director 170,"Actor 250, Actor 130, Actor 187",Germany,"December 07, 2021",1980,TV-G,117 min,"Crime, Horror",A comedy story about challenge #930.
s931,Movie,Title 931,Director 38,"Actor 211, Actor 439, Actor 113",Brazil,"January 10, 2021",1989,TV-G,106 min,"Animation, Sci-Fi",A documentary story about challenge #931.
s932,Movie,Title 932,Director 50,"Actor 472, Actor 489, Actor 194",Brazil,"April 25, 2020",1986,TV-Y,9 Seasons,"Horror, Crime",A action story about challenge #932.
s933,TV Show,Title 933,Director 85,"Actor 201, Actor 302, Actor 214",Japan,"December 22, 2020",1999,R,141 min,"Documentary, Comedy",A sci-fi story about challenge #933.
s934,TV Show,Title 934,Director 74,"Actor 57, Actor 497, Actor 5",Germany,"February 07, 2023",2023,PG-13,94 min,"Crime, Romance",A animation story about challenge #934.
s935,Movie,Title 935,Director 78,"Actor 250, Actor 148, Actor 34",Turkey,"April 05, 2024",1998,G,102 min,"Romance, Comedy",A drama story about challenge #935.
s936,TV Show,Title 936,Director 2,"Actor 221, Actor 181, Actor 339",South Africa,"June 24, 2023",1980,G,119 min,"Romance, Crime",A crime story about challenge #936.
s937,Movie,Title 937,Director 70,"Actor 74, Actor 376, Actor 101",France,"September 28, 2019",2017,PG,79 min,"Horror, Documentary",A thriller story about challenge #937.
s938,TV Show,Title 938,Director 103,"Actor 496, Actor 463, Actor 51",Japan,"May 02, 2022",1999,TV-Y,130 min,"Documentary, Action",A thriller story about challenge #938.
s939,Movie,Title 939,Director 107,"Actor 284, Actor 103, Actor 155",Japan,"October 21, 2020",1985,TV-Y,155 min,"Horror, Crime",A action story about challenge #939.
s940,TV Show,Title 940,Director 25,"Actor 71, Actor 270, Actor 227",Mexico,"March 20, 2022",2000,TV-MA,6 Seasons,"Horror, Documentary",A sci-fi story about challenge #940.
s941,TV Show,Title 941,Director 106,"Actor 237, Actor 15, Actor 468",Spain,"March 26, 2023",1981,TV-PG,92 min,"Animation, Romance",A thriller story about challenge #941.
s942,TV Show,Title 942,Director 33,"Actor 318, Actor 279, Actor 461",Australia,"July 05, 2024",1998,G,7 Seasons,"Action, Sci-Fi",A drama story about challenge #942.
s943,TV Show,Title 943,Director 14,"Actor 44, Actor 29, Actor 139",South Africa,"March 11, 2023",2021,PG,87 min,"Romance, Horror",A documentary story about challenge #943.
s944,Movie,Title 944,Director 150,"Actor 346, Actor 262, Actor 379",Mexico,"September 07, 2018",1983,R,146 min,"Horror, Action",A thriller story about challenge #944.
s945,TV Show,Title 945,Director 161,"Actor 160, Actor 369, Actor 480",United States,"September 26, 2019",2011,R,75 min,"Action, Comedy",A crime story about challenge #945.
s946,Movie,Title 946,Director 53,"Actor 54, Actor 243, Actor 13",South Africa,"February 01, 2019",2012,TV-14,90 min,"Romance, Sci-Fi",A horror story about challenge #946.
s947,Movie,Title 947,Director 140,"Actor 134, Actor 421, Actor 314",Brazil,"January 24, 2020",2008,PG,156 min,"Drama, Action",A action story about challenge #947.
s948,Movie,Title 948,Director 131,"Actor 380, Actor 359, Actor 280",Canada,"September 12, 2020",2010,TV-14,160 min,"Comedy, Horror",A documentary story about challenge #948.
s949,TV Show,Title 949,Director 99,"Actor 358, Actor 410, Actor 55",Germany,"February 01, 2021",2006,TV-PG,111 min,"Horror, Comedy",A animation story about challenge #949.
s950,Movie,Title 950,Director 149,"Actor 156, Actor 18, Actor 331",Brazil,"May 15, 2022",2022,TV-14,120 min,"Action, Horror",A horror story about challenge #950.
s951,Movie,Title 951,Director 41,"Actor 184, Actor 257, Actor 439",South Africa,"February 08, 2021",2012,R,165 min,"Crime, Sci-Fi",A crime story about challenge #951.
s952,Movie,Title 952,Director 168,"Actor 78, Actor 181, Actor 336",Mexico,"September 15, 2018",2016,TV-G,175 min,"Action, Romance",A romance story about challenge #952.
s953,Movie,Title 953,Director 166,"Actor 248, Actor 193, Actor 493",Germany,"June 02, 2022",2018,PG-13,139 min,"Crime, Romance",A action story about challenge #953.
s954,TV Show,Title 954,Director 150,"Actor 317, Actor 425, Actor 207",India,"August 20, 2021",1982,G,3 Seasons,"Thriller, Comedy",A comedy story about challenge #954.
s955,TV Show,Title 955,Director 83,"Actor 390, Actor 119, Actor 396",Turkey,"August 08, 2023",1995,PG,3 Seasons,"Sci-Fi, Animation",A comedy story about challenge #955.
s956,TV Show,Title 956,Director 30,"Actor 20, Actor 434, Actor 384",India,"September 11, 2018",2008,TV-G,1 Seasons,"Action, Documentary",A comedy story about challenge #956.
s957,TV Show,Title 957,Director 35,"Actor 327, Actor 294, Actor 285",Canada,"January 16, 2023",1992,TV-Y,161 min,"Romance, Thriller",A thriller story about challenge #957.
s958,TV Show,Title 958,Director 136,"Actor 415, Actor 405, Actor 99",India,"October 26, 2019",2017,G,2 Seasons,"Thriller, Drama",A action story about challenge #958.
s959,TV Show,Title 959,Director 105,"Actor 291, Actor 280, Actor 443",India,"January 22, 2018",2001,PG-13,9 Seasons,"Horror, Thriller",A thriller story about challenge #959.
s960,TV Show,Title 960,Director 129,"Actor 181, Actor 183, Actor 317",Spain,"May 25, 2024",1988,PG,155 min,"Sci-Fi, Comedy",A animation story about challenge #960.
s961,Movie,Title 961,Director 133,"Actor 153, Actor 52, Actor 61",Germany,"November 17, 2018",1994,G,6 Seasons,"Drama, Thriller",A romance story about challenge #961.
s962,TV Show,Title 962,Director 92,"Actor 35, Actor 447, Actor 447",United Kingdom,"October 26, 2020",1998,PG,105 min,"Crime, Animation",A romance story about challenge #962.
s963,Movie,Title 963,Director 140,"Actor 358, Actor 457, Actor 57",Australia,"June 24, 2022",2010,TV-Y,1 Seasons,"Documentary, Sci-Fi",A romance story about challenge #963.
s964,TV Show,Title 964,Director 16,"Actor 72, Actor 105, Actor 281",South Africa,"April 01, 2020",2001,G,84 min,"Animation, Drama",A documentary story about challenge #964.
s965,TV Show,Title 965,Director 154,"Actor 379, Actor 314, Actor 476",India,"October 17, 2018",2015,TV-14,5 Seasons,"Drama, Comedy",A drama story about challenge #965.
s966,Movie,Title 966,Director 167,"Actor 180, Actor 221, Actor 245",Japan,"July 28, 2023",1994,G,1 Seasons,"Thriller, Crime",A animation story about challenge #966.
s967,Movie,Title 967,Director 142,"Actor 247, Actor 27, Actor 199",Turkey,"April 03, 2022",2004,PG-13,129 min,"Crime, Action",A comedy story about challenge #967.
s968,Movie,Title 968,Director 158,"Actor 463, Actor 189, Actor 181",Canada,"November 29, 2022",2001,TV-PG,4 Seasons,"Thriller, Comedy",A animation story about challenge #968.
s969,Movie,Title 969,Director 106,"Actor 383, Actor 386, Actor 455",Turkey,"February 11, 2018",2014,G,1 Seasons,"Thriller, Drama",A comedy story about challenge #969.
s970,Movie,Title 970,Director 113,"Actor 93, Actor 145, Actor 23",South Korea,"August 21, 2018",2002,R,3 Seasons,"Animation, Sci-Fi",A horror story about challenge #970.
s971,Movie,Title 971,Director 20,"Actor 129, Actor 481, Actor 279",Canada,"May 17, 2019",2011,TV-G,4 Seasons,"Horror, Romance",A documentary story about challenge #971.
s972,TV Show,Title 972,Director 168,"Actor 126, Actor 270, Actor 458",Japan,"March 08, 2024",2000,TV-MA,81 min,"Documentary, Sci-Fi",A animation story about challenge #972.
s973,TV Show,Title 973,Director 21,"Actor 105, Actor 467, Actor 71",South Africa,"June 15, 2023",2013,R,145 min,"Thriller, Comedy",A documentary story about challenge #973.
s974,Movie,Title 974,Director 61,"Actor 358, Actor 226, Actor 333",Turkey,"August 05, 2019",2009,PG,79 min,"Romance, Animation",A animation story about challenge #974.
s975,TV Show,Title 975,Director 22,"Actor 31, Actor 143, Actor 438",Australia,"April 23, 2022",2004,TV-14,123 min,"Sci-Fi, Horror",A drama story about challenge #975.
s976,Movie,Title 976,Director 98,"Actor 95, Actor 338, Actor 221",Spain,"July 08, 2020",1983,TV-Y,172 min,"Documentary, Drama",A animation story about challenge #976.
s977,TV Show,Title 977,Director 152,"Actor 111, Actor 388, Actor 15",South Korea,"October 09, 2021",2019,TV-PG,1 Seasons,"Comedy, Crime",A sci-fi story about challenge #977.
s978,TV Show,Title 978,Director 109,"Actor 294, Actor 369, Actor 291",Turkey,"March 23, 2021",2013,TV-Y,123 min,"Horror, Thriller",A action story about challenge #978.
s979,TV Show,Title 979,Director 175,"Actor 487, Actor 141, Actor 44",Canada,"March 04, 2018",2014,TV-Y,125 min,"Drama, Romance",A documentary story about challenge #979.
s980,TV Show,Title 980,Director 168,"Actor 415, Actor 396, Actor 312",United States,"January 05, 2021",1987,TV-Y,116 min,"Romance, Action",A horror story about challenge #980.
s981,Movie,Title 981,Director 113,"Actor 5, Actor 239, Actor 19",South Korea,"March 11, 2023",2010,TV-MA,82 min,"Animation, Comedy",A romance story about challenge #981.
s982,TV Show,Title 982,Director 17,"Actor 226, Actor 93, Actor 133",Turkey,"November 04, 2024",1997,TV-Y,3 Seasons,"Thriller, Action",A action story about challenge #982.
s983,Movie,Title 983,Director 30,"Actor 336, Actor 20, Actor 95",Brazil,"July 23, 2018",2012,TV-14,80 min,"Crime, Thriller",A drama story about challenge #983.
s984,TV Show,Title 984,Director 5,"Actor 348, Actor 433, Actor 440",South Africa,"November 27, 2020",2002,TV-MA,10 Seasons,"Thriller, Documentary",A comedy story about challenge #984.
s985,TV Show,Title 985,Director 29,"Actor 262, Actor 40, Actor 122",Canada,"November 14, 2018",2000,TV-G,7 Seasons,"Comedy, Sci-Fi",A romance story about challenge #985.
s986,Movie,Title 986,Director 84,"Actor 311, Actor 404, Actor 185",South Korea,"August 10, 2019",2006,TV-G,112 min,"Animation, Drama",A action story about challenge #986.
s987,Movie,Title 987,Director 75,"Actor 477, Actor 77, Actor 467",Australia,"February 17, 2022",1981,PG,6 Seasons,"Crime, Animation",A animation story about challenge #987.
s988,Movie,Title 988,Director 97,"Actor 426, Actor 299, Actor 17",Brazil,"November 10, 2021",1989,TV-PG,2 Seasons,"Comedy, Thriller",A animation story about challenge #988.
s989,TV Show,Title 989,Director 138,"Actor 376, Actor 63, Actor 434",Spain,"August 25, 2023",1983,TV-14,9 Seasons,"Horror, Documentary",A romance story about challenge #989.
s990,TV Show,Title 990,Director 63,"Actor 169, Actor 125, Actor 410",Turkey,"March 09, 2020",2003,R,170 min,"Comedy, Thriller",A horror story about challenge #990.
s991,TV Show,Title 991,Director 21,"Actor 181, Actor 287, Actor 259",India,"August 07, 2022",2003,TV-14,8 Seasons,"Sci-Fi, Thriller",A animation story about challenge #991.
s992,Movie,Title 992,Director 105,"Actor 346, Actor 300, Actor 341",United Kingdom,"May 29, 2019",2018,TV-Y,6 Seasons,"Documentary, Comedy",A comedy story about challenge #992.
s993,TV Show,Title 993,Director 130,"Actor 76, Actor 295, Actor 254",Brazil,"August 01, 2022",1992,PG-13,1 Seasons,"Action, Comedy",A sci-fi story about challenge #993.
s994,TV Show,Title 994,Director 26,"Actor 65, Actor 446, Actor 18",South Africa,"December 14, 2020",2007,G,2 Seasons,"Action, Crime",A crime story about challenge #994.
s995,TV Show,Title 995,Director 91,"Actor 66, Actor 206, Actor 357",Spain,"May 09, 2022",1995,TV-Y,180 min,"Documentary, Comedy",A drama story about challenge #995.
s996,TV Show,Title 996,Director 115,"Actor 467, Actor 210, Actor 323",Germany,"October 30, 2018",2007,TV-Y,3 Seasons,"Action, Crime",A comedy story about challenge #996.
s997,Movie,Title 997,Director 152,"Actor 304, Actor 190, Actor 346",Brazil,"September 16, 2019",2009,TV-PG,97 min,"Crime, Romance",A comedy story about challenge #997.
s998,TV Show,Title 998,Director 127,"Actor 175, Actor 25, Actor 289",Spain,"August 09, 2020",2013,TV-MA,7 Seasons,"Romance, Documentary",A sci-fi story about challenge #998.
s999,Movie,Title 999,Director 37,"Actor 22, Actor 417, Actor 484",Mexico,"July 28, 2021",1993,TV-PG,148 min,"Animation, Documentary",A comedy story about challenge #999.
s1000,TV Show,Title 1000,Director 43,"Actor 61, Actor 148, Actor 141",Germany,"November 23, 2021",2008,R,5 Seasons,"Romance, Comedy",A thriller story about challenge #1000.
s1001,Movie,Title 1001,Director 25,"Actor 106, Actor 283, Actor 430",Spain,"February 15, 2021",1990,G,80 min,"Crime, Animation",A thriller story about challenge #1001.
s1002,TV Show,Title 1002,Director 7,"Actor 190, Actor 105, Actor 145",Australia,"January 28, 2018",2007,TV-14,133 min,"Romance, Comedy",A comedy story about challenge #1002.
s1003,TV Show,Title 1003,Director 127,"Actor 135, Actor 45, Actor 443",United Kingdom,"December 26, 2022",1997,PG,2 Seasons,"Thriller, Comedy",A documentary story about challenge #1003.
s1004,TV Show,Title 1004,Director 71,"Actor 233, Actor 323, Actor 377",Spain,"October 04, 2019",2023,PG,6 Seasons,"Drama, Sci-Fi",A comedy story about challenge #1004.
s1005,TV Show,Title 1005,Director 49,"Actor 431, Actor 286, Actor 339",South Africa,"November 06, 2023",2020,G,1 Seasons,"Thriller, Action",A animation story about challenge #1005.
s1006,Movie,Title 1006,Director 173,"Actor 101, Actor 136, Actor 241",United Kingdom,"March 21, 2022",2011,PG-13,5 Seasons,"Action, Thriller",A comedy story about challenge #1006.
s1007,Movie,Title 1007,Director 1,"Actor 223, Actor 35, Actor 252",Spain,"October 16, 2023",2019,R,1 Seasons,"Sci-Fi, Romance",A animation story about challenge #1007.
s1008,Movie,Title 1008,Director 164,"Actor 179, Actor 248, Actor 272",Brazil,"April 07, 2022",1991,TV-Y,5 Seasons,"Horror, Animation",A sci-fi story about challenge #1008.
s1009,TV Show,Title 1009,Director 140,"Actor 247, Actor 152, Actor 50",Canada,"September 14, 2024",1987,TV-Y,132 min,"Documentary, Thriller",A sci-fi story about challenge #1009.
s1010,Movie,Title 1010,Director 119,"Actor 490, Actor 164, Actor 339",India,"April 20, 2019",2002,TV-PG,8 Seasons,"Horror, Sci-Fi",A thriller story about challenge #1010.
s1011,TV Show,Title 1011,Director 69,"Actor 260, Actor 111, Actor 456",South Africa,"April 29, 2018",2006,G,116 min,"Romance, Documentary",A sci-fi story about challenge #1011.
s1012,TV Show,Title 1012,Director 109,"Actor 205, Actor 134, Actor 468",United States,"May 23, 2022",1997,TV-14,6 Seasons,"Drama, Romance",A horror story about challenge #1012.
s1013,Movie,Title 1013,Director 147,"Actor 449, Actor 86, Actor 275",Canada,"August 06, 2022",2020,PG,10 Seasons,"Animation, Documentary",A action story about challenge #1013.
s1014,Movie,Title 1014,Director 6,"Actor 411, Actor 195, Actor 47",Turkey,"October 13, 2024",2001,TV-G,9 Seasons,"Comedy, Drama",A crime story about challenge #1014.
s1015,TV Show,Title 1015,Director 138,"Actor 102, Actor 81, Actor 430",Spain,"May 12, 2020",2005,R,95 min,"Documentary, Animation",A sci-fi story about challenge #1015.
s1016,Movie,Title 1016,Director 4,"Actor 19, Actor 433, Actor 11",Turkey,"June 02, 2020",2013,PG,176 min,"Horror, Drama",A action story about challenge #1016.
s1017,TV Show,Title 1017,Director 7,"Actor 118, Actor 324, Actor 396",Mexico,"March 05, 2021",1995,G,90 min,"Sci-Fi, Animation",A action story about challenge #1017.
s1018,Movie,Title 1018,Director 20,"Actor 38, Actor 259, Actor 370",Mexico,"January 10, 2021",2006,G,144 min,"Animation, Action",A comedy story about challenge #1018.
s1019,TV Show,Title 1019,Director 50,"Actor 426, Actor 311, Actor 440",Japan,"August 06, 2024",2000,TV-PG,77 min,"Romance, Animation",A horror story about challenge #1019.
s1020,Movie,Title 1020,Director 68,"Actor 497, Actor 336, Actor 296",Germany,"April 10, 2020",2004,TV-Y,103 min,"Sci-Fi, Crime",A romance story about challenge #1020.
s1021,TV Show,Title 1021,Director 180,"Actor 274, Actor 260, Actor 126",France,"June 03, 2023",1981,TV-14,6 Seasons,"Crime, Comedy",A horror story about challenge #1021.
s1022,Movie,Title 1022,Director 102,"Actor 395, Actor 119, Actor 229",South Korea,"July 06, 2020",2010,PG,6 Seasons,"Action, Comedy",A comedy story about challenge #1022.
s1023,Movie,Title 1023,Director 54,"Actor 443, Actor 483, Actor 251",Australia,"April 16, 2024",1995,PG,153 min,"Horror, Crime",A animation story about challenge #1023.
s1024,Movie,Title 1024,Director 127,"Actor 130, Actor 211, Actor 160",Mexico,"August 10, 2020",2001,PG-13,163 min,"Animation, Sci-Fi",A drama story about challenge #1024.
s1025,Movie,Title 1025,Director 144,"Actor 407, Actor 251, Actor 280",Germany,"January 03, 2021",2000,R,165 min,"Horror, Crime",A crime story about challenge #1025.
s1026,Movie,Title 1026,Director 109,"Actor 359, Actor 40, Actor 193",United Kingdom,"November 30, 2018",1980,PG-13,90 min,"Action, Thriller",A horror story about challenge #1026.
s1027,Movie,Title 1027,Director 109,"Actor 254, Actor 88, Actor 321",Turkey,"April 11, 2019",2013,TV-14,145 min,"Sci-Fi, Animation",A drama story about challenge #1027.
s1028,Movie,Title 1028,Director 112,"Actor 151, Actor 369, Actor 473",Brazil,"April 30, 2021",1997,TV-MA,122 min,"Animation, Action",A action story about challenge #1028.
s1029,Movie,Title 1029,Director 158,"Actor 488, Actor 366, Actor 191",Spain,"April 03, 2021",2018,TV-Y,101 min,"Documentary, Action",A action story about challenge #1029.
s1030,TV Show,Title 1030,Director 3,"Actor 163, Actor 214, Actor 92",United Kingdom,"November 18, 2023",2010,PG,1 Seasons,"Romance, Thriller",A thriller story about challenge #1030.
s1031,TV Show,Title 1031,Director 85,"Actor 49, Actor 32, Actor 320",Germany,"January 20, 2019",2018,PG-13,156 min,"Crime, Thriller",A documentary story about challenge #1031.
s1032,Movie,Title 1032,Director 71,"Actor 146, Actor 421, Actor 467",South Africa,"February 27, 2018",2007,TV-Y,173 min,"Sci-Fi, Romance",A crime story about challenge #1032.
s1033,Movie,Title 1033,Director 20,"Actor 304, Actor 79, Actor 53",Mexico,"January 26, 2024",1993,TV-Y,147 min,"Comedy, Action",A crime story about challenge #1033.
s1034,TV Show,Title 1034,Director 85,"Actor 295, Actor 396, Actor 437",Australia,"August 02, 2024",2018,TV-Y,10 Seasons,"Horror, Thriller",A action story about challenge #1034.
s1035,Movie,Title 1035,Director 56,"Actor 47, Actor 476, Actor 412",Australia,"January 11, 2018",1989,PG-13,75 min,"Documentary, Comedy",A drama story about challenge #1035.
s1036,TV Show,Title 1036,Director 109,"Actor 341, Actor 242, Actor 168",Japan,"July 16, 2019",2012,PG,125 min,"Sci-Fi, Animation",A horror story about challenge #1036.
s1037,TV Show,Title 1037,Director 134,"Actor 163, Actor 272, Actor 41",Australia,"December 25, 2021",1993,PG-13,5 Seasons,"Action, Sci-Fi",A crime story about challenge #1037.
s1038,TV Show,Title 1038,Director 178,"Actor 404, Actor 129, Actor 351",India,"December 14, 2022",2015,TV-PG,3 Seasons,"Drama, Documentary",A horror story about challenge #1038.
s1039,TV Show,Title 1039,Director 55,"Actor 316, Actor 287, Actor 449",Canada,"November 18, 2021",2004,TV-G,170 min,"Drama, Thriller",A horror story about challenge #1039.
s1040,Movie,Title 1040,Director 2,"Actor 301, Actor 159, Actor 169",India,"January 18, 2022",2003,TV-Y,76 min,"Animation, Romance",A drama story about challenge #1040.
s1041,TV Show,Title 1041,Director 102,"Actor 23, Actor 357, Actor 361",Japan,"January 31, 2021",1997,G,1 Seasons,"Horror, Animation",A horror story about challenge #1041.
s1042,TV Show,Title 1042,Director 166,"Actor 385, Actor 280, Actor 414",India,"December 13, 2019",1982,TV-G,166 min,"Action, Animation",A action story about challenge #1042.
s1043,TV Show,Title 1043,Director 31,"Actor 29, Actor 228, Actor 327",Mexico,"December 06, 2018",1983,TV-G,144 min,"Romance, Thriller",A animation story about challenge #1043.
s1044,TV Show,Title 1044,Director 173,"Actor 435, Actor 461, Actor 163",Mexico,"March 10, 2018",1990,TV-G,160 min,"Sci-Fi, Animation",A drama story about challenge #1044.
s1045,Movie,Title 1045,Director 129,"Actor 76, Actor 374, Actor 137",India,"September 24, 2018",1991,TV-14,152 min,"Thriller, Crime",A sci-fi story about challenge #1045.
s1046,Movie,Title 1046,Director 80,"Actor 141, Actor 288, Actor 180",India,"December 10, 2019",2001,TV-14,164 min,"Comedy, Horror",A comedy story about challenge #1046.
s1047,Movie,Title 1047,Director 47,"Actor 374, Actor 45, Actor 96",South Korea,"April 22, 2019",2017,G,1 Seasons,"Thriller, Documentary",A horror story about challenge #1047.
s1048,Movie,Title 1048,Director 79,"Actor 429, Actor 349, Actor 329",South Africa,"November 29, 2018",1992,PG-13,123 min,"Romance, Action",A romance story about challenge #1048.
s1049,TV Show,Title 1049,Director 106,"Actor 116, Actor 428, Actor 97",Japan,"July 30, 2019",1992,PG-13,5 Seasons,"Horror, Romance",A comedy story about challenge #1049.
s1050,TV Show,Title 1050,Director 149,"Actor 187, Actor 179, Actor 396",Brazil,"June 30, 2023",2013,TV-14,3 Seasons,"Drama, Sci-Fi",A action story about challenge #1050.
s1051,Movie,Title 1051,Director 180,"Actor 223, Actor 178, Actor 331",Turkey,"January 13, 2024",2023,TV-Y,164 min,"Crime, Animation",A romance story about challenge #1051.
s1052,Movie,Title 1052,Director 67,"Actor 112, Actor 240, Actor 134",United States,"January 07, 2019",1987,TV-MA,3 Seasons,"Horror, Action",A horror story about challenge #1052.
s1053,TV Show,Title 1053,Director 96,"Actor 289, Actor 194, Actor 338",Australia,"July 31, 2024",1982,TV-G,6 Seasons,"Drama, Action",A sci-fi story about challenge #1053.
s1054,TV Show,Title 1054,Director 87,"Actor 332, Actor 463, Actor 52",United Kingdom,"May 02, 2023",2002,TV-Y,144 min,"Action, Drama",A horror story about challenge #1054.
s1055,TV Show,Title 1055,Director 103,"Actor 243, Actor 428, Actor 125",Japan,"February 13, 2023",2003,TV-G,126 min,"Romance, Drama",A thriller story about challenge #1055.
s1056,Movie,Title 1056,Director 108,"Actor 219, Actor 397, Actor 138",Australia,"September 08, 2023",2005,G,96 min,"Romance, Crime",A thriller story about challenge #1056.
s1057,Movie,Title 1057,Director 34,"Actor 340, Actor 171, Actor 404",United States,"May 15, 2024",1985,TV-Y,3 Seasons,"Documentary, Horror",A sci-fi story about challenge #1057.
s1058,TV Show,Title 1058,Director 1,"Actor 338, Actor 76, Actor 103",United Kingdom,"November 09, 2019",1999,TV-Y,105 min,"Thriller, Sci-Fi",A comedy story about challenge #1058.
s1059,Movie,Title 1059,Director 176,"Actor 285, Actor 433, Actor 398",South Korea,"September 29, 2020",1980,TV-14,87 min,"Horror, Crime",A sci-fi story about challenge #1059.
s1060,TV Show,Title 1060,Director 172,"Actor 193, Actor 426, Actor 238",Mexico,"May 20, 2020",1995,PG,115 min,"Action, Sci-Fi",A documentary story about challenge #1060.
s1061,TV Show,Title 1061,Director 153,"Actor 202, Actor 274, Actor 37",South Korea,"March 05, 2021",2011,G,152 min,"Action, Thriller",A documentary story about challenge #1061.
s1062,TV Show,Title 1062,Director 129,"Actor 422, Actor 1, Actor 313",Australia,"January 23, 2022",2005,PG,3 Seasons,"Horror, Thriller",A drama story about challenge #1062.
s1063,TV Show,Title 1063,Director 112,"Actor 48, Actor 174, Actor 197",Brazil,"May 15, 2020",1991,TV-PG,114 min,"Sci-Fi, Horror",A drama story about challenge #1063.
s1064,TV Show,Title 1064,Director 46,"Actor 84, Actor 204, Actor 350",Spain,"December 05, 2020",1986,TV-14,6 Seasons,"Comedy, Sci-Fi",A drama story about challenge #1064.
s1065,TV Show,Title 1065,Director 33,"Actor 295, Actor 260, Actor 197",Brazil,"October 21, 2019",2009,G,160 min,"Sci-Fi, Animation",A drama story about challenge #1065.
s1066,TV Show,Title 1066,Director 67,"Actor 380, Actor 325, Actor 60",Australia,"May 25, 2021",2008,TV-MA,135 min,"Documentary, Crime",A documentary story about challenge #1066.
s1067,Movie,Title 1067,Director 109,"Actor 273, Actor 389, Actor 197",South Africa,"April 03, 2019",2023,PG,118 min,"Animation, Romance",A thriller story about challenge #1067.
s1068,TV Show,Title 1068,Director 112,"Actor 25, Actor 238, Actor 145",United States,"October 11, 2023",1987,TV-14,81 min,"Animation, Documentary",A romance story about challenge #1068.
s1069,TV Show,Title 1069,Director 173,"Actor 152, Actor 393, Actor 420",United States,"October 10, 2022",2014,TV-Y,120 min,"Sci-Fi, Drama",A horror story about challenge #1069.
s1070,TV Show,Title 1070,Director 163,"Actor 19, Actor 306, Actor 58",South Korea,"August 22, 2021",1982,TV-MA,4 Seasons,"Action, Comedy",A crime story about challenge #1070.
s1071,Movie,Title 1071,Director 38,"Actor 325, Actor 253, Actor 221",Japan,"January 23, 2019",2002,TV-14,4 Seasons,"Crime, Horror",A drama story about challenge #1071.
s1072,TV Show,Title 1072,Director 96,"Actor 20, Actor 76, Actor 312",Mexico,"November 10, 2018",2020,PG,167 min,"Comedy, Documentary",A romance story about challenge #1072.
s1073,TV Show,Title 1073,Director 6,"Actor 95, Actor 487, Actor 383",Japan,"September 27, 2022",2021,PG,7 Seasons,"Comedy, Thriller",A animation story about challenge #1073.
s1074,TV Show,Title 1074,Director 158,"Actor 264, Actor 277, Actor 438",Turkey,"December 04, 2020",1995,G,135 min,"Thriller, Sci-Fi",A romance story about challenge #1074.
s1075,TV Show,Title 1075,Director 129,"Actor 344, Actor 24, Actor 310",France,"January 31, 2020",1991,TV-Y,127 min,"Thriller, Drama",A sci-fi story about challenge #1075.
s1076,TV Show,Title 1076,Director 69,"Actor 237, Actor 307, Actor 405",Brazil,"June 16, 2019",2000,PG,77 min,"Documentary, Thriller",A comedy story about challenge #1076.
s1077,TV Show,Title 1077,Director 151,"Actor 216, Actor 326, Actor 305",South Korea,"March 24, 2021",2014,TV-PG,146 min,"Drama, Documentary",A documentary story about challenge #1077.
s1078,TV Show,Title 1078,Director 114,"Actor 78, Actor 237, Actor 438",Mexico,"August 02, 2021",2011,R,96 min,"Sci-Fi, Romance",A sci-fi story about challenge #1078.
s1079,Movie,Title 1079,Director 162,"Actor 250, Actor 288, Actor 177",India,"May 13, 2018",1993,TV-MA,112 min,"Documentary, Horror",A horror story about challenge #1079.
s1080,Movie,Title 1080,Director 160,"Actor 300, Actor 86, Actor 320",South Korea,"May 02, 2018",2016,TV-PG,172 min,"Drama, Romance",A crime story about challenge #1080.
s1081,Movie,Title 1081,Director 97,"Actor 472, Actor 276, Actor 68",France,"July 04, 2023",2018,PG,102 min,"Thriller, Comedy",A animation story about challenge #1081.
s1082,Movie,Title 1082,Director 41,"Actor 393, Actor 399, Actor 377",France,"March 31, 2021",2015,TV-PG,102 min,"Sci-Fi, Romance",A documentary story about challenge #1082.
s1083,Movie,Title 1083,Director 171,"Actor 453, Actor 352, Actor 492",Brazil,"January 27, 2022",2020,TV-G,143 min,"Sci-Fi, Thriller",A sci-fi story about challenge #1083.
s1084,TV Show,Title 1084,Director 74,"Actor 423, Actor 474, Actor 231",United Kingdom,"July 20, 2023",1991,TV-PG,143 min,"Documentary, Horror",A action story about challenge #1084.
s1085,TV Show,Title 1085,Director 149,"Actor 335, Actor 215, Actor 499",France,"February 07, 2019",2006,R,10 Seasons,"Thriller, Action",A animation story about challenge #1085.
s1086,Movie,Title 1086,Director 154,"Actor 293, Actor 375, Actor 210",United States,"August 24, 2023",2000,R,155 min,"Horror, Comedy",A documentary story about challenge #1086.
s1087,TV Show,Title 1087,Director 142,"Actor 262, Actor 443, Actor 99",South Africa,"April 04, 2018",1990,TV-14,105 min,"Action, Horror",A thriller story about challenge #1087.
s1088,Movie,Title 1088,Director 76,"Actor 34, Actor 458, Actor 16",Canada,"August 14, 2021",2016,TV-14,162 min,"Animation, Horror",A thriller story about challenge #1088.
s1089,TV Show,Title 1089,Director 129,"Actor 329, Actor 57, Actor 412",Australia,"December 26, 2019",2001,PG-13,167 min,"Comedy, Drama",A drama story about challenge #1089.
s1090,TV Show,Title 1090,Director 99,"Actor 37, Actor 401, Actor 214",Japan,"July 23, 2022",2014,PG,10 Seasons,"Crime, Drama",A horror story about challenge #1090.
s1091,Movie,Title 1091,Director 75,"Actor 416, Actor 204, Actor 425",South Africa,"May 24, 2023",1982,TV-G,140 min,"Horror, Sci-Fi",A comedy story about challenge #1091.
s1092,Movie,Title 1092,Director 68,"Actor 389, Actor 423, Actor 297",Turkey,"March 01, 2019",1987,PG-13,159 min,"Documentary, Action",A thriller story about challenge #1092.
s1093,Movie,Title 1093,Director 68,"Actor 50, Actor 169, Actor 329",Mexico,"May 31, 2023",1984,TV-14,8 Seasons,"Thriller, Romance",A documentary story about challenge #1093.
s1094,TV Show,Title 1094,Director 85,"Actor 404, Actor 231, Actor 359",Japan,"April 24, 2021",2016,TV-Y,172 min,"Action, Animation",A crime story about challenge #1094.
s1095,Movie,Title 1095,Director 57,"Actor 451, Actor 190, Actor 289",South Korea,"March 27, 2021",1998,TV-Y,3 Seasons,"Animation, Romance",A horror story about challenge #1095.
s1096,TV Show,Title 1096,Director 40,"Actor 381, Actor 413, Actor 356",United Kingdom,"December 07, 2022",1989,TV-Y,5 Seasons,"Thriller, Drama",A thriller story about challenge #1096.
s1097,TV Show,Title 1097,Director 38,"Actor 300, Actor 7, Actor 133",South Korea,"July 16, 2024",2012,TV-MA,154 min,"Action, Documentary",A action story about challenge #1097.
s1098,TV Show,Title 1098,Director 134,"Actor 192, Actor 194, Actor 444",Germany,"August 01, 2024",2021,PG-13,8 Seasons,"Action, Horror",A sci-fi story about challenge #1098.
s1099,Movie,Title 1099,Director 88,"Actor 116, Actor 159, Actor 106",Canada,"February 28, 2018",1989,TV-Y,2 Seasons,"Thriller, Documentary",A horror story about challenge #1099.
s1100,Movie,Title 1100,Director 135,"Actor 460, Actor 117, Actor 380",Canada,"February 25, 2023",2003,G,87 min,"Documentary, Crime",A comedy story about challenge #1100.
s1101,Movie,Title 1101,Director 15,"Actor 229, Actor 291, Actor 268",Canada,"January 16, 2021",1995,TV-Y,3 Seasons,"Thriller, Animation",A horror story about challenge #1101.
s1102,Movie,Title 1102,Director 156,"Actor 137, Actor 283, Actor 143",India,"December 28, 2019",1992,PG,3 Seasons,"Crime, Romance",A drama story about challenge #1102.
s1103,Movie,Title 1103,Director 63,"Actor 300, Actor 390, Actor 298",Germany,"April 30, 2020",2009,PG,175 min,"Drama, Documentary",A comedy story about challenge #1103.
s1104,TV Show,Title 1104,Director 30,"Actor 227, Actor 43, Actor 244",Canada,"March 15, 2020",1986,TV-MA,151 min,"Horror, Romance",A animation story about challenge #1104.
s1105,TV Show,Title 1105,Director 29,"Actor 369, Actor 454, Actor 227",Turkey,"February 09, 2018",2021,R,156 min,"Animation, Horror",A drama story about challenge #1105.
s1106,TV Show,Title 1106,Director 154,"Actor 139, Actor 253, Actor 324",United Kingdom,"October 28, 2020",2001,TV-MA,111 min,"Romance, Animation",A crime story about challenge #1106.
s1107,TV Show,Title 1107,Director 71,"Actor 348, Actor 288, Actor 258",Japan,"October 16, 2020",2020,TV-14,171 min,"Action, Horror",A drama story about challenge #1107.
s1108,TV Show,Title 1108,Director 127,"Actor 84, Actor 92, Actor 34",Turkey,"July 31, 2021",2007,TV-Y,131 min,"Documentary, Crime",A action story about challenge #1108.
s1109,Movie,Title 1109,Director 60,"Actor 110, Actor 158, Actor 257",Japan,"March 03, 2020",2000,TV-MA,162 min,"Romance, Thriller",A animation story about challenge #1109.
s1110,TV Show,Title 1110,Director 41,"Actor 99, Actor 393, Actor 203",Turkey,"September 26, 2019",1990,PG-13,3 Seasons,"Documentary, Crime",A horror story about challenge #1110.
s1111,TV Show,Title 1111,Director 69,"Actor 118, Actor 478, Actor 135",Germany,"September 04, 2024",1999,TV-G,117 min,"Documentary, Animation",A horror story about challenge #1111.
s1112,TV Show,Title 1112,Director 145,"Actor 202, Actor 391, Actor 214",United States,"June 15, 2021",2005,G,6 Seasons,"Action, Horror",A romance story about challenge #1112.
s1113,Movie,Title 1113,Director 54,"Actor 339, Actor 367, Actor 132",Japan,"March 21, 2018",2003,G,176 min,"Sci-Fi, Documentary",A crime story about challenge #1113.
s1114,Movie,Title 1114,Director 56,"Actor 317, Actor 258, Actor 226",South Africa,"April 12, 2024",1997,PG,95 min,"Documentary, Horror",A animation story about challenge #1114.
s1115,Movie,Title 1115,Director 169,"Actor 200, Actor 353, Actor 492",Mexico,"April 09, 2023",2011,R,152 min,"Animation, Sci-Fi",A drama story about challenge #1115.
s1116,Movie,Title 1116,Director 164,"Actor 176, Actor 142, Actor 276",South Korea,"February 20, 2019",2008,TV-Y,92 min,"Comedy, Documentary",A sci-fi story about challenge #1116.
s1117,Movie,Title 1117,Director 151,"Actor 154, Actor 294, Actor 103",Spain,"September 14, 2019",1985,TV-14,148 min,"Crime, Romance",A crime story about challenge #1117.
s1118,TV Show,Title 1118,Director 177,"Actor 12, Actor 72, Actor 396",Turkey,"December 16, 2023",1984,TV-G,6 Seasons,"Horror, Thriller",A action story about challenge #1118.
s1119,TV Show,Title 1119,Director 59,"Actor 236, Actor 186, Actor 171",Canada,"August 08, 2021",2023,TV-Y,170 min,"Drama, Action",A comedy story about challenge #1119.
s1120,TV Show,Title 1120,Director 102,"Actor 413, Actor 250, Actor 409",United States,"August 10, 2022",2013,G,9 Seasons,"Documentary, Drama",A animation story about challenge #1120.
s1121,Movie,Title 1121,Director 130,"Actor 448, Actor 409, Actor 168",Turkey,"November 26, 2022",2014,TV-14,117 min,"Comedy, Animation",A animation story about challenge #1121.
s1122,Movie,Title 1122,Director 137,"Actor 82, Actor 409, Actor 263",South Africa,"January 13, 2019",1985,TV-14,4 Seasons,"Comedy, Sci-Fi",A romance story about challenge #1122.
s1123,TV Show,Title 1123,Director 39,"Actor 334, Actor 170, Actor 38",United Kingdom,"March 23, 2023",2021,TV-G,174 min,"Sci-Fi, Drama",A sci-fi story about challenge #1123.
s1124,TV Show,Title 1124,Director 2,"Actor 320, Actor 425, Actor 200",United States,"June 12, 2024",1980,R,94 min,"Romance, Thriller",A animation story about challenge #1124.
s1125,TV Show,Title 1125,Director 168,"Actor 341, Actor 103, Actor 395",South Africa,"August 30, 2021",2016,TV-G,10 Seasons,"Action, Thriller",A action story about challenge #1125.
s1126,TV Show,Title 1126,Director 47,"Actor 52, Actor 14, Actor 274",Australia,"April 24, 2020",1982,PG-13,83 min,"Documentary, Animation",A thriller story about challenge #1126.
s1127,Movie,Title 1127,Director 78,"Actor 84, Actor 218, Actor 139",Canada,"May 05, 2020",1993,TV-G,131 min,"Comedy, Sci-Fi",A drama story about challenge #1127.
s1128,Movie,Title 1128,Director 98,"Actor 26, Actor 229, Actor 225",France,"December 24, 2022",1992,R,10 Seasons,"Comedy, Animation",A action story about challenge #1128.
s1129,Movie,Title 1129,Director 42,"Actor 388, Actor 108, Actor 62",Germany,"September 07, 2023",2018,TV-G,6 Seasons,"Sci-Fi, Thriller",A thriller story about challenge #1129.
s1130,TV Show,Title 1130,Director 123,"Actor 131, Actor 261, Actor 58",Germany,"January 07, 2019",1981,G,128 min,"Sci-Fi, Comedy",A documentary story about challenge #1130.
s1131,TV Show,Title 1131,Director 17,"Actor 223, Actor 485, Actor 435",Brazil,"January 16, 2022",1999,R,2 Seasons,"Sci-Fi, Horror",A drama story about challenge #1131.
s1132,TV Show,Title 1132,Director 12,"Actor 73, Actor 434, Actor 128",United Kingdom,"January 30, 2021",2016,G,94 min,"Action, Horror",A drama story about challenge #1132.
s1133,Movie,Title 1133,Director 170,"Actor 151, Actor 191, Actor 317",France,"September 08, 2018",1990,TV-PG,141 min,"Action, Animation",A documentary story about challenge #1133.
s1134,Movie,Title 1134,Director 8,"Actor 255, Actor 105, Actor 157",France,"March 25, 2019",2020,TV-G,5 Seasons,"Animation, Documentary",A drama story about challenge #1134.
s1135,TV Show,Title 1135,Director 8,"Actor 456, Actor 241, Actor 18",Mexico,"April 16, 2018",1989,TV-PG,123 min,"Animation, Crime",A action story about challenge #1135.
s1136,Movie,Title 1136,Director 4,"Actor 179, Actor 460, Actor 115",India,"October 10, 2019",2006,PG,135 min,"Horror, Sci-Fi",A crime story about challenge #1136.
s1137,Movie,Title 1137,Director 155,"Actor 415, Actor 327, Actor 1",Japan,"December 09, 2022",2010,TV-14,5 Seasons,"Action, Documentary",A crime story about challenge #1137.
s1138,Movie,Title 1138,Director 123,"Actor 253, Actor 384, Actor 426",South Africa,"February 06, 2022",2016,R,140 min,"Action, Animation",A thriller story about challenge #1138.
s1139,Movie,Title 1139,Director 104,"Actor 145, Actor 455, Actor 315",India,"December 03, 2018",1995,R,168 min,"Romance, Documentary",A horror story about challenge #1139.
s1140,TV Show,Title 1140,Director 34,"Actor 168, Actor 217, Actor 192",Brazil,"August 16, 2024",1989,G,7 Seasons,"Drama, Thriller",A action story about challenge #1140.
s1141,Movie,Title 1141,Director 163,"Actor 18, Actor 428, Actor 407",Canada,"February 28, 2018",1990,TV-PG,148 min,"Horror, Animation",A documentary story about challenge #1141.
s1142,TV Show,Title 1142,Director 116,"Actor 110, Actor 233, Actor 319",Japan,"February 09, 2020",2014,TV-14,110 min,"Crime, Documentary",A documentary story about challenge #1142.
s1143,TV Show,Title 1143,Director 88,"Actor 414, Actor 447, Actor 250",Turkey,"February 03, 2020",2015,TV-14,6 Seasons,"Crime, Romance",A comedy story about challenge #1143.
s1144,TV Show,Title 1144,Director 165,"Actor 14, Actor 494, Actor 279",United Kingdom,"February 05, 2022",1986,R,2 Seasons,"Comedy, Crime",A romance story about challenge #1144.
s1145,TV Show,Title 1145,Director 79,"Actor 232, Actor 224, Actor 284",India,"June 02, 2019",2012,PG-13,140 min,"Thriller, Action",A thriller story about challenge #1145.
s1146,Movie,Title 1146,Director 91,"Actor 270, Actor 308, Actor 400",United Kingdom,"March 10, 2018",2016,TV-MA,177 min,"Crime, Documentary",A crime story about challenge #1146.
s1147,Movie,Title 1147,Director 96,"Actor 82, Actor 52, Actor 349",United Kingdom,"August 01, 2020",2020,R,3 Seasons,"Crime, Sci-Fi",A thriller story about challenge #1147.
s1148,Movie,Title 1148,Director 103,"Actor 152, Actor 200, Actor 462",Spain,"February 14, 2021",2006,TV-14,92 min,"Romance, Drama",A comedy story about challenge #1148.
s1149,TV Show,Title 1149,Director 54,"Actor 473, Actor 376, Actor 314",Australia,"October 26, 2020",1984,G,3 Seasons,"Action, Horror",A action story about challenge #1149.
s1150,TV Show,Title 1150,Director 41,"Actor 331, Actor 215, Actor 201",Australia,"September 20, 2020",1992,R,2 Seasons,"Thriller, Romance",A action story about challenge #1150.
s1151,Movie,Title 1151,Director 150,"Actor 484, Actor 345, Actor 78",Canada,"July 03, 2022",2008,PG-13,6 Seasons,"Drama, Comedy",A crime story about challenge #1151.
s1152,Movie,Title 1152,Director 161,"Actor 307, Actor 242, Actor 119",Brazil,"June 28, 2021",2008,TV-Y,9 Seasons,"Animation, Horror",A action story about challenge #1152.
s1153,TV Show,Title 1153,Director 70,"Actor 487, Actor 21, Actor 196",South Africa,"October 16, 2018",1996,PG,7 Seasons,"Animation, Action",A horror story about challenge #1153.
s1154,Movie,Title 1154,Director 134,"Actor 53, Actor 46, Actor 375",Australia,"April 07, 2021",2018,TV-G,160 min,"Horror, Sci-Fi",A sci-fi story about challenge #1154.
s1155,Movie,Title 1155,Director 72,"Actor 432, Actor 371, Actor 376",Japan,"August 21, 2018",1996,TV-MA,160 min,"Romance, Documentary",A comedy story about challenge #1155.
s1156,Movie,Title 1156,Director 125,"Actor 125, Actor 300, Actor 254",Canada,"February 22, 2018",2017,TV-PG,2 Seasons,"Horror, Crime",A animation story about challenge #1156.
s1157,TV Show,Title 1157,Director 156,"Actor 266, Actor 446, Actor 474",Brazil,"May 05, 2024",2004,G,10 Seasons,"Comedy, Animation",A comedy story about challenge #1157.
s1158,TV Show,Title 1158,Director 149,"Actor 345, Actor 364, Actor 463",Australia,"September 04, 2020",2006,TV-PG,1 Seasons,"Documentary, Horror",A horror story about challenge #1158.
s1159,Movie,Title 1159,Director 103,"Actor 417, Actor 413, Actor 322",Mexico,"June 06, 2024",2007,G,98 min,"Drama, Documentary",A comedy story about challenge #1159.
s1160,TV Show,Title 1160,Director 8,"Actor 374, Actor 234, Actor 435",Japan,"April 12, 2021",2002,TV-G,106 min,"Romance, Horror",A drama story about challenge #1160.
s1161,TV Show,Title 1161,Director 179,"Actor 326, Actor 135, Actor 394",Turkey,"August 22, 2021",1990,R,145 min,"Documentary, Sci-Fi",A documentary story about challenge #1161.
s1162,TV Show,Title 1162,Director 23,"Actor 171, Actor 181, Actor 316",Spain,"December 06, 2019",1994,TV-G,2 Seasons,"Comedy, Sci-Fi",A documentary story about challenge #1162.
s1163,Movie,Title 1163,Director 98,"Actor 104, Actor 136, Actor 439",Mexico,"July 30, 2023",2011,TV-G,131 min,"Documentary, Action",A action story about challenge #1163.
s1164,Movie,Title 1164,Director 29,"Actor 98, Actor 298, Actor 159",Spain,"August 15, 2021",2024,TV-MA,146 min,"Crime, Action",A sci-fi story about challenge #1164.
s1165,Movie,Title 1165,Director 24,"Actor 47, Actor 365, Actor 307",Brazil,"November 08, 2018",2005,TV-Y,118 min,"Crime, Documentary",A sci-fi story about challenge #1165.
s1166,TV Show,Title 1166,Director 27,"Actor 433, Actor 490, Actor 377",South Africa,"June 29, 2019",1998,PG,103 min,"Horror, Drama",A thriller story about challenge #1166.
s1167,Movie,Title 1167,Director 171,"Actor 141, Actor 14, Actor 254",Canada,"February 23, 2024",2024,R,103 min,"Horror, Thriller",A action story about challenge #1167.
s1168,TV Show,Title 1168,Director 63,"Actor 494, Actor 11, Actor 440",Australia,"February 20, 2018",2010,TV-14,145 min,"Animation, Thriller",A sci-fi story about challenge #1168.
s1169,TV Show,Title 1169,Director 161,"Actor 295, Actor 455, Actor 462",France,"February 02, 2020",1996,TV-G,5 Seasons,"Sci-Fi, Documentary",A documentary story about challenge #1169.
s1170,TV Show,Title 1170,Director 139,"Actor 183, Actor 40, Actor 491",Mexico,"August 19, 2020",1988,TV-G,4 Seasons,"Crime, Action",A comedy story about challenge #1170.
s1171,TV Show,Title 1171,Director 138,"Actor 161, Actor 54, Actor 414",South Africa,"September 10, 2023",2018,R,9 Seasons,"Thriller, Horror",A romance story about challenge #1171.
s1172,Movie,Title 1172,Director 118,"Actor 317, Actor 225, Actor 255",Australia,"June 10, 2024",2007,PG,3 Seasons,"Drama, Crime",A horror story about challenge #1172.
s1173,Movie,Title 1173,Director 89,"Actor 245, Actor 445, Actor 362",United Kingdom,"April 08, 2024",1984,TV-G,167 min,"Romance, Animation",A drama story about challenge #1173.
s1174,TV Show,Title 1174,Director 111,"Actor 361, Actor 392, Actor 483",United Kingdom,"September 14, 2024",2005,R,5 Seasons,"Crime, Romance",A documentary story about challenge #1174.
s1175,TV Show,Title 1175,Director 37,"Actor 393, Actor 277, Actor 349",Australia,"August 10, 2020",2000,G,1 Seasons,"Documentary, Comedy",A comedy story about challenge #1175.
s1176,TV Show,Title 1176,Director 42,"Actor 376, Actor 100, Actor 128",Australia,"September 18, 2018",1991,PG-13,138 min,"Comedy, Documentary",A comedy story about challenge #1176.
s1177,TV Show,Title 1177,Director 147,"Actor 359, Actor 486, Actor 351",France,"January 21, 2019",2006,TV-PG,3 Seasons,"Documentary, Action",A comedy story about challenge #1177.
s1178,TV Show,Title 1178,Director 46,"Actor 363, Actor 221, Actor 451",Japan,"June 28, 2021",2011,PG,126 min,"Thriller, Animation",A documentary story about challenge #1178.
s1179,TV Show,Title 1179,Director 116,"Actor 385, Actor 49, Actor 269",Japan,"December 01, 2018",1981,G,1 Seasons,"Documentary, Comedy",A action story about challenge #1179.
s1180,Movie,Title 1180,Director 2,"Actor 168, Actor 197, Actor 157",United States,"January 08, 2018",2016,TV-G,3 Seasons,"Thriller, Horror",A action story about challenge #1180.
s1181,Movie,Title 1181,Director 89,"Actor 50, Actor 447, Actor 350",United Kingdom,"January 02, 2024",2018,TV-G,131 min,"Action, Crime",A action story about challenge #1181.
s1182,Movie,Title 1182,Director 160,"Actor 20, Actor 479, Actor 276",Turkey,"December 29, 2022",1987,TV-Y,2 Seasons,"Documentary, Action",A animation story about challenge #1182.
s1183,Movie,Title 1183,Director 26,"Actor 255, Actor 99, Actor 309",United Kingdom,"October 25, 2023",2019,TV-G,9 Seasons,"Sci-Fi, Horror",A comedy story about challenge #1183.
s1184,Movie,Title 1184,Director 87,"Actor 127, Actor 188, Actor 73",Canada,"March 21, 2024",2011,R,1 Seasons,"Documentary, Drama",A horror story about challenge #1184.
s1185,Movie,Title 1185,Director 134,"Actor 47, Actor 340, Actor 336",South Korea,"August 18, 2024",2013,TV-MA,171 min,"Crime, Thriller",A romance story about challenge #1185.
s1186,Movie,Title 1186,Director 115,"Actor 391, Actor 102, Actor 150",Brazil,"August 05, 2021",2007,TV-PG,85 min,"Horror, Drama",A horror story about challenge #1186.
s1187,TV Show,Title 1187,Director 144,"Actor 248, Actor 313, Actor 200",Japan,"March 04, 2019",2011,TV-Y,1 Seasons,"Crime, Drama",A thriller story about challenge #1187.
s1188,TV Show,Title 1188,Director 151,"Actor 383, Actor 461, Actor 293",Spain,"January 01, 2019",1991,TV-G,9 Seasons,"Drama, Animation",A romance story about challenge #1188.
s1189,Movie,Title 1189,Director 91,"Actor 494, Actor 276, Actor 27",South Africa,"April 26, 2022",2023,TV-PG,9 Seasons,"Action, Crime",A documentary story about challenge #1189.
s1190,Movie,Title 1190,Director 26,"Actor 235, Actor 487, Actor 96",Canada,"July 03, 2018",2000,PG,8 Seasons,"Thriller, Drama",A drama story about challenge #1190.
s1191,Movie,Title 1191,Director 177,"Actor 60, Actor 474, Actor 149",United States,"April 12, 2022",1995,TV-G,7 Seasons,"Thriller, Documentary",A sci-fi story about challenge #1191.
s1192,Movie,Title 1192,Director 37,"Actor 307, Actor 127, Actor 319",Brazil,"July 03, 2018",1996,TV-PG,5 Seasons,"Thriller, Romance",A sci-fi story about challenge #1192.
s1193,TV Show,Title 1193,Director 106,"Actor 194, Actor 143, Actor 432",Canada,"February 11, 2018",2011,TV-Y,7 Seasons,"Drama, Horror",A action story about challenge #1193.
s1194,Movie,Title 1194,Director 164,"Actor 59, Actor 60, Actor 82",Turkey,"July 02, 2020",2011,PG,116 min,"Action, Romance",A sci-fi story about challenge #1194.
s1195,TV Show,Title 1195,Director 73,"Actor 439, Actor 292, Actor 134",India,"March 12, 2021",1987,TV-PG,4 Seasons,"Comedy, Crime",A horror story about challenge #1195.
s1196,Movie,Title 1196,Director 133,"Actor 19, Actor 241, Actor 246",India,"April 02, 2020",1987,R,124 min,"Action, Comedy",A comedy story about challenge #1196.
s1197,TV Show,Title 1197,Director 158,"Actor 190, Actor 225, Actor 379",United Kingdom,"September 17, 2020",2008,G,9 Seasons,"Thriller, Animation",A documentary story about challenge #1197.
s1198,Movie,Title 1198,Director 40,"Actor 175, Actor 441, Actor 487",Japan,"June 29, 2018",1991,TV-G,157 min,"Drama, Sci-Fi",A sci-fi story about challenge #1198.
s1199,TV Show,Title 1199,Director 130,"Actor 33, Actor 116, Actor 95",Brazil,"September 20, 2019",1992,TV-G,8 Seasons,"Drama, Horror",A comedy story about challenge #1199.
s1200,TV Show,Title 1200,Director 143,"Actor 83, Actor 74, Actor 281",South Korea,"October 03, 2020",1983,PG,7 Seasons,"Crime, Animation",A drama story about challenge #1200.
